student_id,name,class,attendance,quiz_1,quiz_2,assignment_1,assignment_2,lab_score,prior_gpa,support_needed,average_score,performance_consistency,low_performance_indicator
STU1001,Student_1,CS101,82.45071229516849,69.17009838248435,73.3758194714396,72.3782123514121,64.51621248110713,67.12498821974421,4.638288663183913,No,58.53393659489521,26.606044632353242,0
STU1002,Student_2,CS201,72.92603548243223,71.93515268875325,61.43751348865903,54.32124947530734,60.933212789220015,65.16939861921576,6.209422483830747,No,53.334324924164356,23.795776829821104,0
STU1003,Student_3,CS201,84.71532807151038,41.52871302311754,64.0416566887141,60.84086377352188,65.29501750299262,53.6873499752139,6.879591699867533,Yes,48.71219877723794,22.286355840536494,0
STU1004,Student_4,CS201,97.84544784612038,76.75441005542088,67.0541040103175,78.24334074723508,80.1553672905115,56.51089799713285,10.0,No,61.45302001676964,26.717167446046098,0
STU1005,Student_5,IT101,71.48769937914996,43.06444850770613,58.6072123686747,55.97354878991835,47.22752886716332,34.52640664066694,8.334829686800637,Yes,41.288995810155015,18.361289743885628,1
STU1006,Student_6,CS102,71.4879456457623,44.81802300844736,56.42890541886491,53.950322301065526,62.289546694823926,38.24018133151853,5.4967776463501625,Yes,43.53729273351174,20.50879001000443,1
STU1007,Student_7,IT101,98.68819223261087,60.31239174192017,82.85064423280083,85.82307561438725,83.89686001614712,100.0,8.229054434126455,No,70.18533767323031,32.91785189513569,0
STU1008,Student_8,CS301,86.51152093729362,49.34629132198796,70.37860856496904,77.47370740511025,66.46603477527155,82.09388937793202,5.179044016592451,No,58.48959591031055,28.453985029269013,0
STU1009,Student_9,CS101,67.95788421097572,48.06513302372339,58.10095134833044,54.967101862988,62.24429565952102,29.20728787984658,9.12403658083061,Yes,43.61813439254001,20.507442605287142,1
STU1010,Student_10,CS101,83.13840065378947,47.83430090242856,57.90394054406828,78.79466930871142,78.4624487300236,36.207472566544894,6.793313022273182,Yes,50.99935751234165,27.41337562935909,0
STU1011,Student_11,CS201,68.04873460781306,50.39475093952371,60.001250870485606,46.66993773302044,46.902182958979466,54.19218937554788,7.359545716891244,Yes,44.253309599074726,18.75368082401994,1
STU1012,Student_12,CS201,68.01405369644614,47.09730296646007,52.35449528472915,53.09408647092937,52.62434523747797,55.05417705052025,9.488694971313285,Yes,44.95218366357168,17.57417252286333,1
STU1013,Student_13,CS201,78.62943407349051,52.222351396732606,75.28973435205614,57.267213918767936,60.78729619389394,63.67228892006163,5.569254647123625,No,52.468023238105985,24.241136323806522,0
STU1014,Student_14,CS102,46.30079633013303,26.107419390170467,31.534602767742392,28.3984238891229,35.00385067516287,30.04962617698968,5.404322722330513,Yes,26.0830409369198,10.56413887423558,1
STU1015,Student_15,CS301,49.12623251230451,30.138172384823488,45.37281052695244,38.89480695014509,45.83219503024345,33.15574372930084,6.624601010480992,Yes,33.33638827199105,14.530639775707561,1
STU1016,Student_16,CS301,66.5656870613854,54.138451335054825,51.24167202384388,52.442128994753816,55.29061699239089,50.961086102775326,9.057568276528976,Yes,45.52192062089128,17.94162971097692,1
STU1017,Student_17,CS301,59.80753319498364,46.359066435506,40.959679508739626,56.89759613177624,49.25440520051107,42.89268300150961,5.220980886784736,Yes,40.26406852747122,18.05580723002962,1
STU1018,Student_18,CS301,79.71370998892911,44.11091369994614,55.92804898734112,68.79940195916603,51.78312315318477,20.41786373394652,3.251766602834147,Yes,40.715186356069786,24.37077622830956,1
STU1019,Student_19,CS201,61.37963886718184,43.88029436229086,44.068448941482266,42.81728935276024,56.0728659594984,40.14474353972385,6.823261712386502,Yes,38.96781731135702,16.686567100858934,1
STU1020,Student_20,CS101,53.81544447997062,43.736245939096335,42.64425125386662,53.03023714040487,39.07400367351757,28.507047997414304,8.32761119986638,Yes,35.88656620069435,15.654406918537552,1
STU1021,Student_21,CS201,96.98473153382332,43.603288622070856,77.80925459471533,89.42994774248649,83.0182768093994,71.28787855857678,9.300392624608245,No,62.40817315864285,30.47968237114727,0
STU1022,Student_22,CS301,71.61335549270197,55.96612583751446,49.60155838670468,61.45928137115991,62.85774149514439,92.88623168313676,6.805257956871902,No,54.92936612175535,27.89843280582563,0
STU1023,Student_23,CS201,76.01292307031886,45.653850827225774,56.82456592794484,59.08876661800281,74.95374832681618,58.79571726271339,6.882860089325996,Yes,50.36658484200483,23.265446638718892,0
STU1024,Student_24,CS301,53.62877720679815,42.13022037563044,51.710316882970936,37.75766645846812,38.56541686697128,34.17730130726733,9.23085110138362,Yes,35.59529549878196,14.233701292205536,1
STU1025,Student_25,IT101,66.83425913212226,39.13220235448643,61.671601138335575,50.97979089343135,36.6284344748317,59.105565482791015,4.695387450456869,Yes,42.03549696572215,20.92325712269692,1
STU1026,Student_26,CS101,76.66383884564799,32.9093086168427,60.84290388387917,69.67783594896073,66.57372420588509,61.06562847150427,6.917218837225486,Yes,49.66443666071624,24.696009426371614,0
STU1027,Student_27,IT101,57.73509633866546,26.3196195200982,43.52073570132363,57.06875426409879,59.47010054020299,45.26540661258175,7.785635834887587,Yes,39.90504207886549,19.674405914511564,1
STU1028,Student_28,CS102,80.63547027518509,57.02643203570921,61.444480954156944,76.95239298528445,78.53045191540701,66.2315657867737,8.173828081927551,No,58.05985862654314,25.860740609365415,0
STU1029,Student_29,CS201,65.99041965121792,48.76417328807226,53.54144558681791,49.5663978719812,57.47540798331539,73.33572833067517,6.735289960213676,Yes,48.23640717017926,22.216519229448327,1
STU1030,Student_30,CS102,70.62459375310085,39.85716648634449,45.74501437374271,48.59242236398809,56.55874410167698,33.463508362176064,7.551661517558762,Yes,38.62808620091452,17.11943239855113,1
STU1031,Student_31,CS201,65.97440081655904,52.50169379666289,47.7827743283447,53.70900922557328,61.40318366394037,52.431599066618965,3.767508969880516,Yes,45.265961508503445,20.803139603806382,1
STU1032,Student_32,IT101,100.0,45.0771990659656,58.314159261224106,62.31560634437149,75.26453800295532,51.47237740036923,6.512627381499227,Yes,49.826084576064154,23.564669513535627,0
STU1033,Student_33,CS301,74.79754162893099,51.61688816672858,59.08424703492826,62.25524835863105,67.14094939296,60.66847519828808,8.180263068831701,No,51.49101187006128,21.810590049916954,0
STU1034,Student_34,CS301,59.13433606566149,30.652139405306045,48.17790226911747,46.43463075829457,53.253249882144544,30.52885186412127,6.02655894861798,Yes,35.84555552126698,17.387665622374154,1
STU1035,Student_35,CS201,87.33817368154783,52.59719529781412,61.28356794467334,65.80026125102731,83.49712733331914,53.84631052597247,7.5884763323843964,No,54.1021564475318,25.37059496154209,0
STU1036,Student_36,CS301,56.68734525043467,40.08417740210308,51.438022044849625,36.30992786573974,63.828023602827486,36.33556890563919,8.170308751204047,Yes,39.36100476206053,18.635096919848735,1
STU1037,Student_37,IT101,78.13295392507133,44.60907207361294,49.02244623677386,66.51927248630942,69.47907270461472,69.94175630192483,6.986176198713353,Yes,51.09296600032486,24.17864175888463,0
STU1038,Student_38,CS301,45.60494814180336,29.292818351425733,27.525437059139687,34.05457909665504,36.44307994488739,40.30067715658288,7.755695656494856,Yes,29.228714544197597,11.505826320123537,1
STU1039,Student_39,IT101,55.07720926652354,46.867616432041714,42.54412492800059,37.61819197473438,46.67477170210042,24.83191916067004,6.055901152073082,Yes,34.098754224936705,15.98240674373776,1
STU1040,Student_40,CS102,77.95291853803685,47.82148224009673,66.62712577201184,39.972212597246894,52.4695177671888,55.42349783257193,7.19008308045593,Yes,44.91731988159535,20.46931255097646,1
STU1041,Student_41,IT101,86.07699869993115,71.0439794165179,79.05249319578807,68.62475891531768,67.18556676678368,48.03819824300344,8.415324254383833,No,57.0600534652991,25.935263922805674,0
STU1042,Student_42,CS101,77.57052421784955,41.15457401325128,54.61830388078065,75.80386791423894,62.76012025741282,34.77478982212996,7.735459441452651,Yes,46.14118588821105,23.903917233084503,1
STU1043,Student_43,CS101,73.2652757641764,57.108130414319874,62.851941695419846,70.78348205830399,58.43573629960161,48.105730225949536,6.620203095654096,Yes,50.650870631541494,22.810812956485663,0
STU1044,Student_44,CS101,70.48344456616067,64.57941949068113,52.59116246708243,53.16498378667873,60.9847774989739,44.98982529236438,7.836324606436189,Yes,47.35774885703612,20.547235733148433,1
STU1045,Student_45,CS201,52.82217014448859,17.391875152780045,38.70477274746068,39.07672132404157,40.55464406296416,62.61240532797776,8.571914685954926,Yes,34.48538888352986,19.13397398828347,1
STU1046,Student_46,CS201,64.20233687407936,37.267255165094895,53.82505595442425,54.37150976990596,61.76926519794144,50.50104232400555,4.425088082133783,Yes,43.693202748917656,20.8472973566709,1
STU1047,Student_47,CS201,68.09041843560318,53.55725529600922,55.509507601331066,47.67428651704813,57.87826558395505,28.90278249080905,9.238611097433846,Yes,42.12678476443106,19.210117407704786,1
STU1048,Student_48,IT101,90.85683339328374,60.83257425365113,53.820025088003085,75.42745235076096,77.14380861147166,53.337067854935206,6.995617891978392,No,54.59275767513339,25.492082298652853,0
STU1049,Student_49,CS201,80.15427434352692,60.57033126381962,71.95080778476685,70.26388035510273,65.50291688568095,72.48163941481756,8.138234899860345,No,58.15130176734133,24.914671619367134,0
STU1050,Student_50,CS102,48.554397669559,29.58915782734288,43.1167486951288,44.80081850229447,42.02475703699511,54.26869454949986,9.295870385467842,Yes,37.182674499454826,15.77315782080546,1
STU1051,Student_51,CS101,79.86125954092192,56.94015710229033,54.90012212925416,63.089164563152856,74.47140927592227,30.571156693404024,5.442489454154301,Yes,47.56908320302966,25.178358317530247,1
STU1052,Student_52,IT101,69.22376579375525,46.84015138329858,54.65772545521763,53.96910623694558,52.83759902818597,22.429546986261755,6.43583849635868,Yes,39.5283279310447,20.27567692404491,1
STU1053,Student_53,CS101,64.84616999541062,56.75124810998487,51.83822404081344,46.18355518894587,50.85161112336334,69.65730416031779,7.067176956186443,Yes,47.058186596601956,21.175269613056823,1
STU1054,Student_54,CS201,84.17514433261302,62.13498771374482,65.32558343565508,60.37983815137967,68.99225445173636,65.48176695567474,6.324369718313358,No,54.77313340441734,23.92123398680978,0
STU1055,Student_55,IT101,90.46499283743928,67.90667834718754,62.87040944797627,70.32315313658113,64.71982356661115,47.61547583220828,10.0,No,53.905923388427404,22.935338926828518,0
STU1056,Student_56,CS301,88.96920178674299,56.781786514180894,60.751521845380005,74.44378301993616,68.33494973503784,71.79154585957788,6.214841859259811,No,56.38640480556209,25.465864629909447,0
STU1057,Student_57,CS102,62.41173715166042,39.123363282613376,46.64931546755802,55.63123007715508,50.077799380331015,10.787896989041368,6.6666798307697,Yes,34.82271417124476,20.949991631062908,1
STU1058,Student_58,CS201,70.36181436223178,44.68793321672811,61.02289492670678,50.638138667043165,65.9599031292623,49.30077140727583,7.806583547404465,Yes,46.56937081573677,20.566993012574795,1
STU1059,Student_59,CS201,79.96895147105346,60.70985466446289,64.32382704153203,75.9120351500948,70.07328416810846,61.22136912219193,5.696775710885866,No,56.32285764287932,25.46788937355569,0
STU1060,Student_60,CS102,89.63317690683539,57.083097368125536,63.902948680918286,69.27637455588162,77.92340824810866,79.31227762016472,6.906478932365604,No,59.0674309009274,26.8987321373684,0
STU1061,Student_61,CS102,67.81238643232065,50.416219188758944,56.0923629418214,54.10501242371959,63.410670609973415,33.71772967881899,7.976179891875263,Yes,44.28636245582794,20.343191476319895,1
STU1062,Student_62,CS301,72.21511535004274,73.03187695579258,33.59055311970066,52.376094519978274,60.39081609302592,51.78816239398218,7.000709393426233,Yes,46.36303541265098,23.178108793554067,1
STU1063,Student_63,CS201,58.40497538990958,48.51518530275725,50.51309478833269,32.56521103788075,51.9247380764953,30.073602270891413,7.359919711650077,Yes,36.82529186466791,17.2275627441153,1
STU1064,Student_64,CS201,57.05690063878994,37.14954660503179,32.86640785752488,50.68960954506717,47.90941421288833,42.85411156160706,6.706001831327444,Yes,36.36251526890778,15.95674341886336,1
STU1065,Student_65,CS101,87.18788733591298,76.74121675193311,62.23086950543688,76.17469613711539,76.42334249779081,45.418850278976805,5.22829453622885,No,57.03621161791366,28.20084214404777,0
STU1066,Student_66,IT101,95.34360042856234,60.90441400347814,60.8323644169092,73.59260212330763,75.48582950451758,58.95855963130302,7.982389817008858,No,56.29269324942074,24.70033267092405,0
STU1067,Student_67,IT101,73.91984817629499,29.14521529269718,45.86962032002615,59.63107290568435,44.80417154289706,37.0217891645043,10.0,Yes,37.74531153763484,16.965293400302652,1
STU1068,Student_68,CS101,90.05299346838036,49.41991693197495,77.99333781145715,76.68858187490315,75.33582039659302,74.76444897426056,7.527602446175157,No,60.28828473922733,28.00084757849443,0
STU1069,Student_69,IT101,80.42454037571451,33.728541204934494,56.55693986691805,51.7729290649639,79.80324581098157,70.1052855614264,7.837896175871324,Yes,49.96747294751595,26.003806369088835,0
STU1070,Student_70,CS102,65.32320368092314,42.28194453945301,51.255877124944966,48.80262136471555,61.57505886608825,42.661009120833725,8.539084132675288,Yes,42.519265858118466,18.075737012180024,1
STU1071,Student_71,IT101,80.4209340826262,56.51683734664511,59.93836088385351,70.72429801050347,76.12161071741625,56.90968091226479,5.596004255179951,No,54.30113202097718,25.145716808255017,0
STU1072,Student_72,IT101,98.07054849698956,93.31075295824108,78.23127693086506,66.15555362717355,95.48276801259264,40.23655303166435,10.0,No,63.902817426756116,33.280941454045454,0
STU1073,Student_73,CS101,74.46260941335073,55.77540639021552,56.41899290685453,61.75599649499205,63.95338555807714,47.6608855511792,7.803493194634203,Yes,48.89469334932544,20.910024568425662,0
STU1074,Student_74,CS301,98.4696548372101,65.6925453690782,61.21866098044028,65.41750966379745,85.64216757184748,67.94003212378007,9.947785348633664,No,59.3097835095962,25.63657654569215,0
STU1075,Student_75,IT101,35.703823438653835,29.43461897149909,30.33492104092337,30.228392124853173,28.14299650074197,43.7071431653333,6.400450506714016,Yes,28.04142038501082,12.047744669949513,1
STU1076,Student_76,IT101,87.32853756562835,32.1656943616325,61.18449914213336,69.55157819993163,71.46903890268074,41.708685459528034,10.0,Yes,47.67991601098438,24.177628000647506,1
STU1077,Student_77,CS301,76.30570602357257,56.11080449738672,45.35167144160489,48.72018746547759,69.55853535326008,75.75900980583074,8.662733241052175,Yes,50.69382363410204,23.717213062019677,0
STU1078,Student_78,CS101,70.51488974301199,57.51404394315814,49.86731796997668,64.62505851029903,68.42683411658889,63.41910012016751,8.329560128778537,No,52.0303191314948,22.368207998552936,0
STU1079,Student_79,CS301,76.37641164803253,36.52412138890274,68.74457349145452,55.49058245215552,63.85490928540794,57.750288464175256,7.851036681529722,Yes,48.36925196060428,22.69673717422878,1
STU1080,Student_80,CS101,45.18646628098661,39.38285692275743,37.73170131887726,32.487928582365534,36.374250135211575,47.52369543871777,7.127207072888326,Yes,33.437939911802985,13.812791432776521,1
STU1081,Student_81,CS102,71.70492168243732,53.834223936082125,51.27868386261497,58.80211720388527,60.9529691549181,55.529803931882405,9.30079748771081,Yes,48.28309926284894,19.406691804664014,1
STU1082,Student_82,CS101,80.35668857267619,51.24400776607488,57.46099717175477,73.5154202352397,73.13428363592357,62.50399085916951,7.71053980477207,No,54.26153991215575,24.417895072175458,0
STU1083,Student_83,CS102,97.16841067112274,77.24084870444415,69.75103132905022,67.86414936938021,68.56344129810009,66.98555758428051,4.549395444619272,No,59.159070621645746,27.006782241517833,0
STU1084,Student_84,CS102,67.22594672589528,69.95558427157107,64.38059497501861,54.19540601071032,41.70576087414905,63.50927800911428,5.8242203074394965,Yes,49.92847407466713,23.77137815841571,0
STU1085,Student_85,CS101,62.87259595660218,45.7259777054865,49.5557743044173,52.99415742176258,49.98033847338135,57.7983905928689,7.221231371710879,Yes,43.87931164493792,18.40375480078684,1
STU1086,Student_86,CS201,67.47364434623195,49.74380317627868,53.506880975337765,58.65555160087081,49.11600608678137,38.788205687955454,7.964998474748333,Yes,42.96257433366207,18.34969969568837,1
STU1087,Student_87,CS101,88.73103176553111,55.99778725052952,75.69008521286838,72.5504095370312,70.91259659882277,38.70008928976557,7.415117266650157,No,53.5443475259446,26.48621309324678,0
STU1088,Student_88,IT101,79.93126664489526,45.76251611607371,61.857121977877306,61.011313308729335,66.76034984133427,52.70698676114208,9.328456184690497,Yes,49.571124031641205,21.076549076734242,0
STU1089,Student_89,IT101,67.05359694349441,55.28906833599186,48.55322694389688,48.09358744581984,53.95636378857933,36.20842517317175,4.573347203942063,Yes,41.112336481900286,19.126942060793787,1
STU1090,Student_90,CS201,82.69901149670034,47.26971512354374,60.40046477983985,66.87161059480253,82.30592270537329,56.83862414240259,7.7153819047577405,No,53.56695320845329,25.30756719056682,0
STU1091,Student_91,CS102,76.4561632402206,54.340066255454566,56.79468667236876,52.96776706051845,67.48590386021976,72.44126867317135,4.773031161919268,No,51.46712061394203,24.14846997132039,0
STU1092,Student_92,CS201,89.52967485799334,56.25609501523832,66.81400667027367,45.468983993043295,78.79036080120648,54.48235870220684,8.639568443226253,No,51.74189560419915,24.015978691649803,0
STU1093,Student_93,IT101,64.46920359183972,49.760359699652014,53.04287241269677,54.38982916289721,58.81014295762689,44.57628465663443,7.358311928336996,Yes,44.65630013630738,18.88176474450544,1
STU1094,Student_94,CS201,70.08506780103347,52.56725715147414,52.92786394365404,62.40328770335102,51.5907880035057,49.872852921332985,8.129414958036177,Yes,46.24857744689235,19.184672944737372,1
STU1095,Student_95,CS101,69.11837770301764,59.13982605449015,56.90267263499867,38.962496505764896,65.93279314742219,60.11129762634621,6.204175559115351,Yes,47.87554358802291,22.361110788791745,1
STU1096,Student_96,CS201,53.04727577801822,33.07484596040883,39.357277365025816,37.0814743069865,44.68827551111836,13.294821416098948,9.419197397486627,Yes,29.48598199285418,14.587345018411835,1
STU1097,Student_97,CS102,79.44180415596864,52.39336014575095,60.2060452558623,68.47211647928576,72.85195252109828,45.96978970955542,9.062586996088276,Yes,51.4926418512735,23.030713640978718,0
STU1098,Student_98,CS101,78.91582908269834,43.65508784183534,43.41790544267709,79.36955934877814,58.6198044999285,58.5758059074665,8.375316454517831,Yes,48.668913249200564,23.73175889229411,0
STU1099,Student_99,CS301,75.07670184963692,47.550280401665226,63.187012350248615,60.217473778859045,52.1500882099466,70.57328529628242,7.3057241297048385,Yes,50.16397736111779,22.515852189467054,0
STU1100,Student_100,IT101,71.4811929993728,54.0823185038756,56.08763571130188,51.98110252488716,66.60538689921468,43.004480342149975,8.369785927942699,Yes,46.688451651562,20.246491935106963,1
STU1101,Student_101,IT101,53.769438869243785,43.7440351805845,45.69332351123143,42.03212719445614,47.72795593918737,17.45837000598414,6.439661148018977,Yes,33.8492454965771,17.42247581056208,1
STU1102,Student_102,CS201,68.69032015851961,38.58164940743681,31.62326919999383,64.39632626778447,52.19055112791091,56.59685963682634,8.783333488531069,Yes,42.02866485474724,20.20502284483271,1
STU1103,Student_103,CS101,69.85928225209845,58.01400438958248,66.9836974840158,51.37476641025816,53.30498604838383,40.02430548580149,9.97422134148588,Yes,46.61266352658794,19.991079560663685,1
STU1104,Student_104,CS301,62.96584096167572,56.87992034604387,46.345442888624966,45.34049309048234,60.60735958224418,29.094416342434645,9.10591583996878,Yes,41.22892468163313,19.197370379838347,1
STU1105,Student_105,CS101,72.58071432500986,55.30761011793703,62.47880578790844,54.56078449243358,53.06077069516111,41.74341315332441,6.405596295288886,Yes,45.59283009034224,20.328132095899093,1
STU1106,Student_106,IT101,81.06076285221808,79.56270903912345,52.366015364429686,57.120855858345,82.2172806951488,53.75098074512034,8.042125975909654,No,55.50999461301282,26.685518032599777,0
STU1107,Student_107,CS101,100.0,58.39316201344641,81.12773905062569,81.22670315994796,75.99379265352131,57.90510670923575,5.560287684362028,No,60.034465211856535,28.717246887523483,0
STU1108,Student_108,CS301,77.61866719247759,39.841801156852185,50.03752919302295,74.7054714102557,70.93098015482215,20.094447483334772,8.358585466763513,Yes,43.994802477508536,26.69693522475123,1
STU1109,Student_109,CS201,78.86325586084146,34.162928588459366,54.22819678109065,65.63851302658158,64.44217518835605,69.35339130443342,8.175905119293809,Yes,49.33351833470247,23.845223729205635,0
STU1110,Student_110,CS102,73.8833112635075,68.2982240139185,69.55398087621586,57.24217777620272,67.25736304607058,70.5567157838298,4.6952754907017535,No,56.26728949782321,25.717200505499747,0
STU1111,Student_111,CS101,46.21843177051438,36.88946540553525,33.78251967493392,35.626039494187474,36.77085741672759,38.37536718010298,5.757324234131454,Yes,31.200262234269776,12.557701591594155,1
STU1112,Student_112,CS102,74.60229186826174,51.599592731383765,57.57381796786716,48.02007179899218,62.197475698733705,35.24681261990898,7.075291654884349,Yes,43.61884374529502,20.141956896600608,1
STU1113,Student_113,IT101,75.90345314911539,56.32000503104408,63.53170438512565,67.42587067881382,64.82852584800304,50.07363656299501,7.04871037928876,No,51.5380754808784,22.703393051325346,0
STU1114,Student_114,CS201,100.0,53.11766429052435,79.95681887972604,79.22162802987198,74.97812544218527,69.86957369541084,5.685784596871792,No,60.47159915576504,28.585186498257997,0
STU1115,Student_115,CS201,72.11458552828316,76.93636841705504,55.17067884621708,56.3901450061497,66.63982176096408,59.11657171378191,8.083468094028275,No,53.72284230636601,23.77802213168611,0
STU1116,Student_116,CS101,79.52321013500419,57.20765957571938,62.54469465027349,89.01118451814327,63.51348958568809,66.2959633197148,7.877210413410768,No,57.74170034382497,26.810784831896527,0
STU1117,Student_117,CS201,74.47932345442135,53.357673961836106,73.7599692676519,61.80855021304878,61.60482823263188,41.19937285189797,7.208596302032221,Yes,49.82316513818315,23.487407927265952,0
STU1118,Student_118,CS101,57.46982943570702,46.48533321783293,42.77123783299919,41.65533320653949,43.13484612452565,41.17133473330956,6.366312749762455,Yes,36.93073297749488,15.088944542903743,1
STU1119,Student_119,CS101,92.14234221772531,71.14783713849313,70.95973038150086,69.78531502051047,54.711048398595146,72.92661705871122,9.073060689624846,No,58.100601447905944,24.928375995805286,0
STU1120,Student_120,CS102,86.27899549030161,63.292770151380594,73.77418720722684,78.93187060870561,71.68897781996614,85.51667435664739,9.983110669632442,No,63.86459846892651,27.4182335545645,0
STU1121,Student_121,CS201,86.8654792056457,50.506094088140166,74.75231339830066,70.47631221363487,94.79295679853251,73.04529508102917,6.774657774230194,No,61.72460489231127,30.375447871730113,0
STU1122,Student_122,CS101,61.35918817807892,47.29076907148284,53.30291272275537,40.26219363006691,56.96957816601333,52.63460727742445,6.581749624267768,Yes,42.84030174866845,18.687787478906973,1
STU1123,Student_123,CS102,96.04191466404149,94.34232567774266,78.16592334577822,85.66198242035213,81.45064708975048,68.83951423406224,8.236811498117994,No,69.44953404430062,31.14439352474694,0
STU1124,Student_124,CS301,53.97223405811579,48.672862686314666,34.31012267564025,39.571664349567,44.457518412822346,53.00569006354774,6.962955930379521,Yes,37.83013568637859,16.492365391428596,1
STU1125,Student_125,CS102,83.80285640700406,78.68903800017593,76.54076512046318,82.74105558039514,71.42069854489175,65.5298580350481,7.290904199005149,No,63.702053246663205,28.273881717605477,0
STU1126,Student_126,CS102,100.0,62.33176485353222,63.53654606981312,90.80048065714648,90.4711911517521,52.77824179652859,8.609479727587008,No,61.42128404272659,30.252690656508523,0
STU1127,Student_127,CS101,60.14195512303968,33.17185328269748,46.926575199184384,45.42328276100557,44.01902271988226,58.97965133898592,4.635965868739061,Yes,38.85939186174911,18.67191326322993,1
STU1128,Student_128,IT101,66.50553405595842,45.29904489439871,44.86279871886388,61.72389497192819,63.94055988897407,55.836759811092726,9.477453487279003,Yes,46.856751962089426,19.985711049846156,1
STU1129,Student_129,IT101,76.49477047631461,54.1857389897207,56.88045304709984,61.71487555138637,70.49284785763962,46.76822919199488,7.609020786494012,Yes,49.608527570722565,22.03894790947296,0
STU1130,Student_130,IT101,67.44786518825701,58.283637935974326,52.80333116410432,59.71006853817941,62.17469481078639,40.74535022700761,6.882760283156729,Yes,46.76664049320147,20.980958838151942,1
STU1131,Student_131,CS102,51.74004853400801,23.08280366127511,40.467740192921084,43.90004877649066,46.24771685460684,39.28700059372218,7.366148768667826,Yes,33.39190980794728,15.126996645928353,1
STU1132,Student_132,CS101,76.0284446220904,70.66331099943507,60.229131336396605,54.3880376902212,64.77332032609264,60.262955146822456,7.443644032530778,No,52.96006658858312,22.947388234425876,0
STU1133,Student_133,CS201,59.06544429410843,39.94588999614393,53.83054052751717,43.45119975816376,54.17991243505848,43.67644207093559,4.903198044832612,Yes,39.99786380544193,18.163530394797764,1
STU1134,Student_134,CS102,82.10388645952773,52.2154312868667,65.3016077243463,74.1394877700668,74.64732753478316,62.58465091731357,9.742407341179854,No,56.43848542909273,24.32930577231903,0
STU1135,Student_135,CS102,61.20863648649295,33.55361622179177,44.41202789134265,46.91779502843894,49.86030609577814,63.65646013714078,7.561988448405928,Yes,40.99369897048304,19.036971671280664,1
STU1136,Student_136,CS101,98.24901607526309,44.3861052892247,83.15882362595907,74.63340642482865,77.87608268335892,89.82992333053683,8.164503195671063,No,63.0081407582632,31.100692356930296,0
STU1137,Student_137,CS301,63.251200614956446,52.08581959244541,54.96194411327162,44.5596955041351,54.4077738192642,46.68742643596049,8.927324655861064,Yes,43.604997353489644,17.496047360783773,1
STU1138,Student_138,CS102,70.16907725691486,49.890052195434855,44.01279718053214,59.10761736149034,70.51304713665601,62.32853305276539,5.96825631365955,Yes,48.63671720675638,22.887675383934255,0
STU1139,Student_139,CS301,87.20275826054504,44.16870850653039,70.61156208300378,87.74799280234706,63.31698904374549,43.03414431087226,8.210207848552843,No,52.848267432508635,27.59466513339484,0
STU1140,Student_140,CS301,56.53703525349067,28.59293754861226,46.3669992451998,39.194113602047,39.75952719694368,44.07544780767552,7.09853836365181,Yes,34.18126062735501,14.610517571490858,1
STU1141,Student_141,IT101,78.41189901906193,50.93890192341082,56.475672326574255,62.91942857434163,67.942035210736,83.26255867130739,8.77015616282474,No,55.05145881153246,25.23821921826546,0
STU1142,Student_142,CS101,94.60714131423644,89.9102022148989,83.97052487507035,89.04632801669484,80.89750411716588,62.0992591522904,4.309158869472757,No,68.37216287426553,32.969437716035216,0
STU1143,Student_143,CS301,50.88775148158159,33.63992301086326,37.40221446905279,40.30492405272933,44.13668551313286,26.99458909572218,7.351358549638096,Yes,31.638282448523086,13.266263931977058,1
STU1144,Student_144,CS101,77.76950787798457,36.90385235445087,59.30373280724287,65.73367949960983,68.00129371094735,44.29612912287235,6.595769016324057,Yes,46.8057427519079,23.172852682534064,1
STU1145,Student_145,IT101,78.89824191372635,52.32046498177746,57.8081751692149,54.73649537185011,65.3024790784808,38.034743144122814,8.148394425951233,Yes,46.05845869523288,20.612919177881885,1
STU1146,Student_146,CS101,86.72734307665965,57.16125156387212,65.18062024793528,73.09646811749731,86.63943137286216,47.09707710572467,8.205066281052304,No,56.22998578149065,27.129307528126162,0
STU1147,Student_147,CS102,56.44573933682877,16.677853465511866,36.14629872298699,44.1002418293801,38.942457569066704,35.32929682474077,6.43856115776696,Yes,29.605784928242233,14.674135852756704,1
STU1148,Student_148,CS301,55.193150803735854,38.18569984927716,33.44676854999391,49.59507507332114,42.341442060261215,23.119671071758248,6.431739203735935,Yes,32.1867326347246,15.422549076870915,1
STU1149,Student_149,CS101,82.82912348425347,55.111170731062536,75.32898829100296,76.09831337625647,69.54950483374321,58.23911702124343,7.334001947164006,No,56.9435160334121,25.806909013341812,0
STU1150,Student_150,CS201,79.45477009849779,63.91587656755261,52.86156565257869,84.13913446199999,54.480635661855295,69.95638415061653,6.155036659027187,No,55.25143885893838,26.6179232645201,0
STU1151,Student_151,CS101,78.75739275518815,76.97301913213812,51.2600969023292,67.57095395182228,65.55880040215129,40.83167292747565,8.76297554317819,No,51.82625314318246,24.675840419894072,0
STU1152,Student_152,CS301,80.19672314245463,69.68972976621015,42.878059281003374,66.77015821414085,81.49166096012024,80.50602463953446,6.946189199328831,No,58.04697034338965,28.66041237647944,0
STU1153,Student_153,IT101,64.79962917632264,42.74615730777685,44.4592734514285,53.09930640704909,55.21502846951164,51.97956800798335,3.139517671017538,Yes,41.773141885794494,19.56454156706797,1
STU1154,Student_154,IT101,78.48380545741506,41.91200919689994,48.47874189821274,60.01526090402499,68.52186313913026,71.11544105825202,6.937766915067291,Yes,49.496847185264535,23.705668011593257,0
STU1155,Student_155,CS301,79.39608709948021,86.22446583120524,72.58402319189558,66.2042989513093,57.48145888902437,45.13136306269776,5.942184268734041,No,55.59463236581104,27.99213048228293,0
STU1156,Student_156,CS102,64.28472872960448,45.57033625568514,54.70512831269436,49.52880303197057,50.67975682864232,55.985894593639344,5.053086276808582,Yes,43.587167549906724,19.2444990393813,1
STU1157,Student_157,CS102,100.0,70.2089393786942,68.11849654822277,81.68460976269614,81.24803619676064,48.16132199209374,5.643860042666141,No,59.1775439868556,28.922376862545136,0
STU1158,Student_158,IT101,82.10749381367681,57.17811810347792,80.0748062555588,76.50445820132609,67.18269070748286,72.09444390308875,7.664112707749455,No,60.116438313113974,26.907948173959195,0
STU1159,Student_159,IT101,57.13044754196027,41.68881393445864,48.45670582177824,39.95393531112236,55.8829687704604,41.95476495691608,9.492961242372347,Yes,39.57169167285135,15.874751125216768,1
STU1160,Student_160,CS301,84.84830412950744,57.55650247037765,60.88008889525575,77.5503195861442,76.85297258315262,68.78229844531319,7.96977671079747,No,58.26532644850681,25.942243490609822,0
STU1161,Student_161,CS102,60.379774946590175,37.07020503198743,30.19347575351386,56.25653109174654,44.61185057435616,28.069414919402323,6.59024491767639,Yes,33.798620381447115,16.841042278875932,1
STU1162,Student_162,IT101,86.80626905613678,53.64377068093562,84.9915195269496,68.4201064128045,75.92514470973546,45.22485362875638,8.183856292756055,No,56.06487520865627,27.567345108632228,0
STU1163,Student_163,CS102,92.37893368511106,64.21139675298961,56.447477988052256,54.30167764759455,83.12461301883086,75.69951477335904,6.811364534671513,No,56.766007452582976,26.87127961285467,0
STU1164,Student_164,IT101,62.68976522472434,38.77275995935574,36.70235780376494,46.34139041284193,60.43386799562503,31.99249291007683,6.458099446255283,Yes,36.7834947546533,17.87311155000648,1
STU1165,Student_165,CS101,89.45064193866483,53.05077242750403,76.23493961107464,83.16221302901573,90.171083550237,70.90226939272443,5.768455997650523,No,63.21495566803438,30.84331897229029,0
STU1166,Student_166,CS201,81.19171390404748,58.1303876224587,80.70255336525656,64.7677014060669,60.77123309758549,34.63414740292777,4.872256789872422,Yes,50.64637994736131,26.88110951711328,0
STU1167,Student_167,CS101,87.33090239991735,57.79152310662466,77.58715624075808,61.13772534827725,67.14997522275476,75.94599555684606,6.915114440160832,No,57.75458165257027,26.10988482299322,0
STU1168,Student_168,IT101,100.0,92.55989482874033,80.6390912005236,74.95225078771783,72.42422141085383,45.34953370462982,7.737080234880198,No,62.277012027890926,30.91598344068342,0
STU1169,Student_169,CS201,71.31917825995694,21.563676532988094,57.73112278637869,63.05057555988234,58.95229111616132,57.801340323635664,7.355064494977666,Yes,44.4090118023373,23.709712488537566,1
STU1170,Student_170,CS201,63.69395753463765,55.01412893551365,53.20620958701344,54.437528495288085,57.11028495423276,52.55555229824718,6.876049608078962,Yes,46.53329231306234,19.492391602923444,1
STU1171,Student_171,IT101,61.65728355561715,54.68463269617432,50.92231019260758,47.852636425589246,58.49632744763282,34.567886972436945,6.081380908954828,Yes,42.100862440565955,19.4535968924525,1
STU1172,Student_172,IT101,62.76284572551842,24.41421131504848,48.8369716903317,47.907982183706814,52.87172862873357,51.23992073548126,8.412369287527452,Yes,38.947197306804874,18.25754818588694,1
STU1173,Student_173,CS102,73.84347435878844,47.89464566616984,56.152062923874105,56.18190120365436,60.40508796675106,55.53682437003516,5.524302120080122,Yes,46.949137375094104,20.696181786272046,1
STU1174,Student_174,IT101,80.11727962224965,51.618270976957454,59.58648060365152,56.70372423001199,69.31553142890256,47.44798700262164,8.664041870765214,Yes,48.88933935215173,21.07283505655843,0
STU1175,Student_175,CS301,79.15036198995028,38.69449437166461,53.39511447882256,76.10604664908742,60.66762139372237,39.43975972670683,5.9966744716099125,Yes,45.71661851526895,23.968280156095865,1
STU1176,Student_176,IT101,87.40774873554035,50.98734327619022,63.10249389214531,67.10886832991766,92.5607739811172,26.875685450951668,6.371347143970448,No,51.16775201238209,30.681572499341275,0
STU1177,Student_177,CS301,75.1950283781686,40.11005253233129,43.66607771498286,69.30844965395518,51.82696246578151,57.89490891054371,5.299822214076484,Yes,44.6843789152785,21.931640011716034,1
STU1178,Student_178,IT101,96.80301115735976,93.20586610296914,71.65030116903753,92.16920640069976,84.07090391576179,37.46658378310613,6.747896779671545,No,64.21845969187432,34.89812100245723,0
STU1179,Student_179,CS102,71.03014750143066,59.69030939287633,46.25063341011977,63.91513503591806,74.74933019988543,51.07556576094586,8.962968687716968,Yes,50.77399041457707,22.784734310612652,0
STU1180,Student_180,CS301,100.0,89.07332642491238,63.964106827842286,75.68379687281951,85.06799844559998,64.73103567835501,8.273442132665934,No,64.46561773036585,29.372529751039494,0
STU1181,Student_181,CS101,84.3850102164751,68.20425282611754,64.80679464065335,70.91488495295539,70.12361409299082,70.53140116029205,8.967633168042052,No,58.92476347350853,24.577686580862082,0
STU1182,Student_182,CS301,62.14263665375576,32.97550756032428,55.25724672046779,49.56375144534781,50.59998105236674,39.74586491208887,8.283213818900904,Yes,39.404260918249406,17.261759420884818,1
STU1183,Student_183,CS102,58.93661252908332,36.61861161575093,49.61470639551061,41.82317738250034,49.03295318457074,37.37232146385777,5.844495257204446,Yes,36.71771088323247,16.10997984559784,1
STU1184,Student_184,CS301,82.23708622864778,63.60267105852449,48.76247531525558,68.45710520491839,81.19142913343475,69.603343203409,7.003816163508664,No,56.436806679841816,26.398871638967233,0
STU1185,Student_185,IT101,71.64805822011223,37.01917809349232,46.6455502305589,48.87085541600514,45.05328838731688,54.95489218906554,6.3297013063238055,Yes,39.81224427046043,17.40346366483611,1
STU1186,Student_186,IT101,85.71000741138138,69.16367029812376,72.34585610802444,78.74760684784366,85.99656768997119,65.41655107462462,9.49586235605856,No,63.52768572910771,27.45551622401381,0
STU1187,Student_187,CS102,82.09856436860318,54.50943953250785,53.50784282447778,61.86441018598068,58.09329591945659,65.17423414362113,5.704817030360532,Yes,49.80900660606742,22.04997695862651,0
STU1188,Student_188,CS201,73.9075663101469,47.57998236384363,53.77046578972395,60.61277510865234,60.8506688931601,29.037216713114383,8.840546534083666,Yes,43.448609233763015,20.622587012694897,1
STU1189,Student_189,IT101,62.29809422897392,50.25238362410715,50.15029042131808,51.60330483472984,50.2792691603251,53.0379644597317,8.839430805163154,Yes,44.0271072175625,17.2748595231337,1
STU1190,Student_190,CS101,52.27729162971203,40.07783654503902,34.14572617579195,40.46834822229853,47.51249497759767,42.99774609254784,10.0,Yes,35.86702533554583,13.397261776613737,1
STU1191,Student_191,CS102,68.30227571899468,44.113371415845805,51.946445476727,58.64907275429468,47.14138134958514,33.923238729919866,6.885470111055754,Yes,40.44316330623804,18.38883020266183,1
STU1192,Student_192,CS301,87.84598191485209,76.76855708134917,54.165608486085446,66.10494772878573,78.72908579424161,57.20388956516599,8.568483239370243,No,56.92342864916637,25.688523019393223,0
STU1193,Student_193,CS301,78.21140616195306,42.06526186311093,53.95517371609228,69.38366361148651,82.31210545210394,54.13312866581327,10.0,No,51.97488888476783,24.867986159324243,0
STU1194,Student_194,CS101,56.31391831932018,44.62260494243714,44.03625611141984,37.471395678168136,40.19026361645614,37.90493463732205,6.573537484599455,Yes,35.13316541173379,14.308676400150063,1
STU1195,Student_195,IT101,77.59771388776772,61.22189497978327,45.83701821986606,63.05884775570407,67.43013329630021,59.499753754310376,5.19743962870146,Yes,50.37418127244424,23.2992663538617,0
STU1196,Student_196,CS102,80.77976069593255,52.79506939334346,64.14296491445388,80.28643061177928,63.31532040080443,79.67092570803881,4.679984949138355,No,57.48178266292637,27.931368286405053,0
STU1197,Student_197,CS101,61.74213845698301,46.23991945208818,46.1853558727051,43.21745125092095,55.11033637361837,56.57761513551475,8.569068043291997,Yes,42.64995768802323,17.529726938404252,1
STU1198,Student_198,IT101,77.30587658918292,39.60634885216402,62.25047946518072,56.60533436631298,65.85801867259141,33.82566260735496,4.6752746879121245,Yes,43.8035197752527,22.972902042510906,1
STU1199,Student_199,CS102,75.87313077669,63.62751497410504,58.60375472018124,64.59768436978584,59.62499914604115,62.55087108903202,6.941521420593116,No,52.65772428662307,22.515073659840358,0
STU1200,Student_200,CS301,57.85544553254066,38.8941725502043,51.28387938391433,47.32333482639683,51.99973554307902,55.876017729730336,8.155969780558442,Yes,42.25551830231388,17.673368083541863,1
STU1201,Student_201,CS102,80.36681040522424,49.955330000982,61.28149719015747,67.1113505952477,82.8127590888662,62.47408069272785,7.777763305244871,No,55.23546347887102,25.57580554384498,0
STU1202,Student_202,CS201,83.41176789552351,71.51319463673187,58.97707838870351,70.80981065215423,69.30764043460171,76.58835872770075,8.138167296276258,No,59.22237502269471,25.68376658201569,0
STU1203,Student_203,CS102,91.24576864762916,54.23178083798811,69.5502394525085,78.78817974571038,84.12639001763944,100.0,7.833434783701281,No,65.75500413959129,32.193750666636205,0
STU1204,Student_204,CS201,90.80703078052356,44.3801933025572,73.03880116996316,82.72247939498492,65.44214843414245,82.15692639909697,9.418298719970087,No,59.52647457011913,28.312574169406716,0
STU1205,Student_205,CS102,54.33495948064363,25.347564175979176,41.01670060461958,45.69471559637716,40.98792238052508,40.74370612492445,6.071525428891805,Yes,33.31035571855288,15.04871937341409,1
STU1206,Student_206,CS201,60.93262440127316,48.19170359320787,45.94680412834873,47.27605331573816,54.67122617057104,55.38883377239241,6.484507292312204,Yes,42.993188045428404,18.31394946243469,1
STU1207,Student_207,CS301,82.7255290081299,42.019240974272094,56.236883382785045,71.7443247293991,82.59412801391866,60.30505483364731,6.341010832093764,No,53.206773794352664,26.789494840931294,0
STU1208,Student_208,IT101,82.70678926368313,79.66476137615591,56.54745129870351,81.87874489247223,73.24193470386749,58.29014127732409,8.745287717793914,No,59.7280535443862,27.13734203647166,0
STU1209,Student_209,CS201,82.72571529459071,32.07363578720981,50.441134032383694,65.0833500815026,67.72706305002774,52.09380190338942,8.850597882592595,Yes,46.04493045618431,22.21309162470265,1
STU1210,Student_210,CS201,100.0,95.44684552435058,92.4957674318694,70.25470695329358,84.99291405423354,100.0,8.176837978977762,No,75.22784532378748,34.45743753925847,0
STU1211,Student_211,CS301,83.5633576603975,61.13934957494479,52.278379403336,76.10182392097195,60.580027141834,44.81622089595156,9.275240500334892,Yes,50.698506906228864,22.825286148035786,0
STU1212,Student_212,CS201,92.03348460270898,63.088312518065706,62.648065466783066,72.51887788224921,83.79202711032546,92.6292675008666,5.732938698935429,No,63.40158152953757,30.592454235836662,0
STU1213,Student_213,CS101,89.31002645239803,55.21700780808005,60.56642265014053,52.04390369923511,83.79364139813123,71.4455941394501,10.0,No,55.511094949172836,25.15048588846519,0
STU1214,Student_214,CS301,84.77086876958697,64.41487541435222,71.16450326885638,75.00036219429175,68.22282942648972,35.61552811618926,9.784857932568388,No,54.033826058791284,25.84319879901011,0
STU1215,Student_215,CS101,70.27096133039481,48.79297892345975,50.63058125402896,52.454966438892,56.42728577194922,54.35668678146581,8.60343299586862,Yes,45.2109886942774,18.134167193057618,1
STU1216,Student_216,CS301,86.38453830739901,74.76541036893157,75.56696601801302,68.32556306658938,75.72363437273725,24.18721275582229,10.0,No,54.76146443034892,29.647251654552893,0
STU1217,Student_217,CS201,63.40762178193643,45.471770778865874,43.28527245887877,52.83110574952537,51.12734252988905,52.31773039791379,5.015065188483339,Yes,41.67471451725937,18.374071137090674,1
STU1218,Student_218,CS101,71.44772089889986,51.624212374761086,55.57914037767375,58.51925351433834,60.25806030485486,62.662959014733225,6.713327795606022,Yes,49.22615889699455,21.175759235857335,0
STU1219,Student_219,CS201,67.71954678256344,43.71013461543527,45.13272770163252,58.980012978122936,71.7808355583619,39.38086737765254,6.397044808977071,Yes,44.23027050669703,22.05694079139751,1
STU1220,Student_220,CS301,76.22811209079484,52.70854985534292,73.52315088443419,57.662859285654726,62.91086499659832,55.2432399867287,8.582218985636015,No,51.77181399906581,22.406128259346346,0
STU1221,Student_221,CS201,100.0,74.6170265333809,63.12401580970487,85.13105798176083,81.41659847978778,100.0,5.924788890596782,No,68.36891461587186,32.916724535177934,0
STU1222,Student_222,CS101,46.99102211112378,20.83933136482577,36.69914576781907,36.37318132237757,36.89950366380734,28.14060456526652,8.636242724006228,Yes,27.931334901350414,11.412346116595003,1
STU1223,Student_223,CS101,85.2939028556177,42.45693253526569,69.37615751314915,74.53672522304724,78.84732119957967,41.64205982623594,9.555804215995073,No,52.73583341887879,26.560239462034062,0
STU1224,Student_224,CS201,50.80926193215522,41.23118835820358,40.20942912208668,43.77404631369924,42.26708599378425,50.622928134710754,8.542804350126,Yes,37.77458037876842,14.789385350162593,1
STU1225,Student_225,CS102,67.92102201315849,49.28551868686733,49.68227379412893,47.98322234317366,53.3222606681266,74.20490096336795,7.925626535492252,Yes,47.067300498526116,21.54178273232938,1
STU1226,Student_226,CS301,91.33425895451047,61.41338401529477,67.314986475172,82.98614434547815,89.70215257546013,64.00148955806978,6.018189988648876,No,61.90605782635395,29.578156714556197,0
STU1227,Student_227,CS301,75.96420028643195,53.38498804801929,57.305960558050415,56.6999567800606,75.3534709396766,68.54193632131891,6.229723550811953,No,52.919339366322966,24.33527629706448,0
STU1228,Student_228,CS201,58.83382833106041,44.25111418938215,43.260502195482026,51.82117604341308,46.47623238214193,56.96851257666148,9.374428357945,Yes,42.02532762417095,16.80255326365823,1
STU1229,Student_229,CS102,64.27044436110047,39.78572187751711,54.39772718550475,53.776927372930274,42.63354249776604,35.44535274149981,8.669023505857998,Yes,39.118049196845995,16.74388015699629,1
STU1230,Student_230,CS101,85.19396623402014,49.689746389458655,82.72779687122495,83.81538879649717,80.9982800261451,51.36675057351347,7.441470720933684,No,59.33990556296217,29.884016581984497,0
STU1231,Student_231,IT101,64.04450052424295,46.71257209838617,44.46294710146268,49.80442369687791,50.05314792212662,60.59729904757321,6.873135681351164,Yes,43.08392092462963,18.58355986458819,1
STU1232,Student_232,IT101,78.24687884372962,43.289622761503736,47.966878354506825,59.86420817258965,72.6962455640142,81.14223681382256,4.461288190332935,No,51.57007997612831,27.167654268066656,0
STU1233,Student_233,CS201,75.6835775985572,57.6132086865312,56.09453307322273,60.399887553932,49.42059044227287,61.49867177093973,5.893721371973342,Yes,48.486768816478644,21.295265725862798,0
STU1234,Student_234,CS102,65.22599478591275,29.000289956249237,65.74590687013566,50.20327553529593,61.264150501408864,34.180843063319685,10.0,Yes,41.732410987734895,21.241334093126977,1
STU1235,Student_235,CS102,100.0,85.43733455988465,66.9632543203027,87.9994190194205,72.8882807071922,100.0,5.5793166434963,No,69.81126754171606,33.55492541368923,0
STU1236,Student_236,CS301,84.50878533477017,65.14694561298862,77.23356602606631,53.9477836435482,78.00806634140918,50.181808609898816,7.784219731831621,No,55.383731660957125,25.99781380892535,0
STU1237,Student_237,CS101,44.62286120013589,32.94971973470449,40.95352695629072,30.9964565262496,37.99312253261204,28.245041501668084,9.011165959792798,Yes,30.02483886855296,11.288674542278473,1
STU1238,Student_238,CS102,77.79681472154141,65.92530456605974,54.04087085393798,53.93028517231142,58.70594768667264,59.78432892147154,5.617615997996561,Yes,49.66739219974164,22.027482670023005,0
STU1239,Student_239,IT101,65.07320302847418,61.8079056194192,52.50745741451462,58.24251830997903,52.66350691109846,65.77808143913019,7.777065712171625,Yes,49.796089234385526,21.223675040532548,0
STU1240,Student_240,CS101,87.78650002194335,74.80774967560626,80.13499903565811,85.24607610452466,80.64347454232082,76.44406243222852,8.906873306265982,No,67.69720584943406,29.029770766445548,0
STU1241,Student_241,CS101,63.11218892350949,26.75129190562318,44.94138353109756,49.83054925748261,54.31368365807912,49.41514621379408,7.518748982860876,Yes,38.795133924822906,18.091065243647805,1
STU1242,Student_242,CS201,73.27895337799652,37.23035823125001,53.46739946183572,57.386054784113824,66.56962752625095,58.08512708441461,10.0,Yes,47.12309451464419,20.59078794268874,1
STU1243,Student_243,CS102,82.57480918470685,50.0632252050527,57.12788784096063,66.63830174797017,86.50900822012849,58.5210095212888,4.997101111682707,No,53.976088941180585,27.068669567522956,0
STU1244,Student_244,CS201,87.98632791255181,61.93477789370125,57.0612740885927,80.61200286281777,61.02519118742233,71.41215880786181,9.08809279482582,No,56.85558293920361,24.904701028033518,0
STU1245,Student_245,CS102,56.99555389416336,44.3225271159065,39.046072089414544,40.31094256146267,57.663613457533145,11.06215217856441,7.240797393905304,Yes,33.27435079946443,19.853727074238495,1
STU1246,Student_246,CS301,69.98248146238578,41.36933408110201,43.921423393813626,57.65415046145311,60.21541798934873,44.836271822478544,8.657880232255012,Yes,42.77574633007517,18.423214598988647,1
STU1247,Student_247,CS201,67.87582033258566,49.41461633527163,51.1382095862267,60.919890176856086,51.59387682452034,50.78905909215463,8.16196072754887,Yes,45.33626879042972,18.67599770586196,1
STU1248,Student_248,CS201,65.20006151139432,38.25239100986192,43.8798159308307,55.42718627942336,46.74639926192236,30.630805247481423,6.4002657043350055,Yes,36.88947723897579,17.08970995839101,1
STU1249,Student_249,IT101,100.0,60.82723295512078,77.33785911790747,81.89581616598744,83.10879609222967,77.7264663562312,7.84349458868901,No,64.78994421269425,29.02273649536094,0
STU1250,Student_250,CS201,81.07472566441433,39.64560858562396,48.191662980469175,72.97573426476295,76.38576981303741,53.4368183355465,4.713147822902569,Yes,49.224790300390424,26.05256884793328,0
STU1251,Student_251,CS102,56.08674068497432,31.49354692952662,43.920854891930375,29.707843685109783,46.95834813830704,58.95250053352105,8.404871250857092,Yes,36.57299423820866,17.48749932693455,1
STU1252,Student_252,IT101,88.76792920582164,44.13961393708271,73.97501088987654,77.03170220210666,88.8669492116709,90.06429116552184,7.947237698985789,No,63.670800850874066,31.946002583290056,0
STU1253,Student_253,CS201,100.0,55.36190120534001,55.062643574285445,73.45924316872576,70.48824309948441,60.68388861763674,8.457990252964654,No,53.918984986406166,23.54662578682493,0
STU1254,Student_254,CS201,90.4869789082672,77.64201468976539,71.24995907583,55.824739093950726,76.80454283515022,60.61111547076568,9.087177487630726,No,58.536591442182136,25.757590320935638,0
STU1255,Student_255,CS301,52.2094505106898,29.11147621227658,45.566680233621625,44.43652109063539,37.839355578486426,35.774463004079394,8.051429760314566,Yes,33.46332097990233,13.828204875517141,1
STU1256,Student_256,CS201,67.73648890700623,74.16179001498337,42.60868313585102,63.49387180624949,60.03913026932129,41.296776815578255,7.722134129697414,Yes,48.220397695280134,23.51788470407008,1
STU1257,Student_257,CS101,94.00366723779932,72.75862083598805,86.22554423669183,73.91086734710034,88.24018386174014,69.46917980678697,6.178397495008062,No,66.13046559721924,30.339796976338466,0
STU1258,Student_258,IT101,64.38495801571828,46.85457052058519,50.98657064437078,57.6430451841654,52.01814127128325,35.3050787771229,6.431668854526423,Yes,41.53984587534233,18.751272083753623,1
STU1259,Student_259,CS101,81.65729142219342,46.64642828542074,55.48603271046849,78.49126069437926,48.1433927272328,38.69550681725651,9.280101930265996,Yes,46.12378719417063,22.593332801060125,1
STU1260,Student_260,IT101,86.61951080144006,69.7327324355814,64.48156407862425,80.68533331267136,75.3498632962606,71.42144587796949,9.654503108558968,No,61.887573684944336,26.161241145697012,0
STU1261,Student_261,CS301,61.09604292632876,37.49185104715389,49.23318869618174,58.89636866947612,54.599936217808754,50.45958334863206,7.142834345531919,Yes,42.970627054130745,18.962183098101026,1
STU1262,Student_262,CS201,74.10711965907299,53.23125315137687,56.14359380791817,64.78538880557363,65.98716368856026,39.95387891239084,7.569004120879911,Yes,47.94504708111662,21.901410173546463,1
STU1263,Student_263,CS201,26.38098989896391,28.597327580959156,21.20703406369633,21.30379332576163,25.6839571660973,23.19076544426086,6.143078437509351,Yes,21.020992669714104,7.814331986641234,1
STU1264,Student_264,CS201,59.63418537998565,40.88466168582556,39.235277062574,38.15415568408103,44.30191620457709,34.21120508940681,9.259135267901168,Yes,34.34105849906094,12.725173863386006,1
STU1265,Student_265,IT101,71.2114777291026,62.12425219228843,54.61465175172971,55.216934843938745,65.37367547416336,53.45368855243675,8.498125235537668,Yes,49.88022134168244,20.81396790995491,0
STU1266,Student_266,CS201,56.28325227052726,33.46171817046191,34.255594236114995,40.28053573137736,54.552584545877856,48.632602391465774,10.0,Yes,36.86383917921632,15.512011732914301,1
STU1267,Student_267,CS101,99.48616955897452,69.11818805655317,73.50808168935951,100.0,66.86875752933244,68.97152162899705,6.182515384230392,No,64.10817738141209,30.946200337628284,0
STU1268,Student_268,CS201,53.54787933059051,51.706908344744846,35.32067576682736,41.896472238463446,47.227365171213165,42.35359782941658,6.932988151472674,Yes,37.57300125035634,15.990021577780254,1
STU1269,Student_269,CS301,68.39933269954524,41.4469136330896,46.26852379929144,55.56217881657972,54.690876394464034,40.81484428404693,7.847168883788359,Yes,41.10508430187668,17.473021836819598,1
STU1270,Student_270,CS101,76.96110865929137,74.79598362321059,67.23394161150642,65.81317952237916,64.7895348301205,50.84871884647805,8.469734306588656,No,55.32518212338056,24.23210448463919,0
STU1271,Student_271,CS201,96.61909933599172,77.89072271874616,83.00846459680088,77.71656237852862,85.48545330557086,63.65537897489854,7.176498543678552,No,65.82218008637061,29.70908861278437,0
STU1272,Student_272,CS201,53.46206773230841,32.91285188211102,43.35312914705837,51.831747539169605,42.83793292288674,29.44072298657408,6.1905583643194495,Yes,34.427823807019884,15.986225609794626,1
STU1273,Student_273,CS102,92.4474562823244,73.48289241896791,59.23743855587398,68.20173006104322,72.33358852918508,61.44475505432893,8.822111293385356,No,57.25375265213075,24.403967024230163,0
STU1274,Student_274,IT101,75.1534959152938,63.571077169319146,53.98720182330008,61.58533979146082,64.1371388848181,29.330631341104496,8.581703043818372,Yes,46.8655153423035,22.881865601123316,1
STU1275,Student_275,CS101,60.27737023428074,47.81631956018602,52.52026159491052,43.74647874920614,44.68213209988349,36.273067912308726,6.125588849154413,Yes,38.527308127608215,16.7461224848482,1
STU1276,Student_276,CS102,81.93155211394907,38.05444420951695,62.609772754993394,54.73009237419274,60.74548548346751,52.68402821356352,9.533164201658243,Yes,46.39283120623205,20.031179251160843,1
STU1277,Student_277,CS301,77.98589543360205,46.084160239557,76.57692067330922,57.617780311596704,71.58616449906462,50.59444532545928,9.255298063794903,No,51.95246151879695,24.01362552128322,0
STU1278,Student_278,IT101,65.99674684261808,43.747409080434224,52.093329919483146,52.55296666222792,48.51556790495782,43.010113630178125,7.701444745871689,Yes,41.270138657192156,16.929037269993476,1
STU1279,Student_279,CS101,76.04703127485028,52.38385569579536,58.49574997294019,57.57290905045755,69.7070853431694,52.29352508470934,7.6193967935640545,Yes,49.67875365677265,21.560775913532847,0
STU1280,Student_280,CS201,69.2202960470736,54.898673184043936,49.77550871879303,50.583278316051576,62.03932226402746,55.09162399678667,8.331086656673861,Yes,46.786582189396086,19.337008762762306,1
STU1281,Student_281,CS101,76.70276017876873,55.73645571385469,58.55136573343366,50.57536502789148,51.95993218862037,67.10750680702319,6.207445394615613,Yes,48.35634514423983,21.468349631362,1
STU1282,Student_282,CS201,84.9319601178157,42.44036000984352,62.40401388209755,67.23973617624571,66.437476697202,48.4152052159469,7.545047218746123,Yes,49.08030653334697,22.708000504210354,0
STU1283,Student_283,IT101,98.79025224218027,74.78715280994831,81.08811266012945,64.16703126329718,95.76835131903417,45.38027336914607,4.271424683086229,No,60.910391017440226,32.479363085529364,0
STU1284,Student_284,CS201,56.43276751759726,44.67149377429221,47.72351158091949,49.43542016400367,42.43086375844912,27.74184725049282,8.814683468254403,Yes,36.80296999940195,15.734497186591943,1
STU1285,Student_285,CS301,100.0,78.3968567189656,67.14010539492051,80.82439752934503,80.35595737690612,60.255941576101456,5.15776016633721,No,62.02183646042932,29.053935414695104,0
STU1286,Student_286,CS201,45.71868300716247,39.41485881379615,28.202790514132182,29.911212908664822,40.97336210694708,28.78520227047056,9.7551297426435,Yes,29.50709272610905,11.154952687255273,1
STU1287,Student_287,CS301,72.72322357446625,60.00308259547045,41.18894029316696,55.929910775417845,67.51180835356362,39.70693728741893,7.004819859050325,Yes,45.22424986068136,21.6204053023257,1
STU1288,Student_288,IT101,83.82475809726864,64.4509295277493,67.12679358234693,60.75487360282074,69.14252575520472,36.94799749877081,7.182499527103235,Yes,50.93426991566596,24.424233766963173,0
STU1289,Student_289,IT101,79.2148780160255,54.616689370102186,50.67085340051717,65.9002394036884,62.59947659503867,48.22410346943056,6.558399140873242,Yes,48.094960229941705,21.456373053834056,1
STU1290,Student_290,CS101,65.65950720269109,29.6029735852465,35.108856862561375,61.32893733370359,65.14979154019582,48.34413153591041,7.067941689116886,Yes,41.10043875778909,21.754706270977177,1
STU1291,Student_291,CS301,71.87816624464087,54.94674183772938,56.70165643703937,44.02413714465563,73.59533321966398,58.86864174440631,9.627797017722056,Yes,49.62738456686946,21.76955519476203,0
STU1292,Student_292,CS301,67.6049859801175,49.429598662918025,67.55765922753648,54.8616224309049,64.08180656306273,39.78657464800578,3.768287015197381,Yes,46.580924757937545,23.246824702915685,1
STU1293,Student_293,CS102,66.15952864583683,49.00679923094033,49.57948161978463,51.86819188912656,56.80006015866533,40.84692180313243,9.415448079132284,Yes,42.919483796796925,17.210326431793664,1
STU1294,Student_294,CS102,87.74403145531537,44.61676193912481,73.1652796803342,76.08583364278064,67.4903774466266,45.15837290650356,8.007035221652561,No,52.42061013950373,25.704815805041854,0
STU1295,Student_295,CS102,80.35523228947571,43.21838018924856,60.92396592852561,65.99733229011782,61.62889212681949,55.74340223494228,5.689467528214177,Yes,48.86690671631132,22.561807224560262,0
STU1296,Student_296,CS201,64.60635607109019,55.43050448571966,47.81587703873628,46.82688501678636,58.29117589412332,34.26167276147503,5.887031410426143,Yes,41.4188577678778,19.312720981195202,1
STU1297,Student_297,CS102,88.49399813149876,61.42073963532684,74.50377385544647,67.9717626665261,78.9224715495285,72.08947301886447,10.0,No,60.8180367876154,25.597371503628864,0
STU1298,Student_298,CS301,79.60949281314915,63.86473369965071,57.3962586859192,57.35047277789149,78.82612420238564,27.2922598382299,6.081739680085903,Yes,48.46859814736047,26.69192489378671,1
STU1299,Student_299,CS201,87.1929317825844,61.4054265835296,67.72617081694418,79.13636712940766,79.78545706984465,54.76361914838093,5.769974234106061,No,58.09783583036886,27.44427009622148,0
STU1300,Student_300,IT101,84.44443262885419,59.48801388773942,66.04988334385759,67.73551111113211,59.085091406754586,64.19647052388405,9.205971813547094,No,54.29349034781914,22.35976993593304,0
STU1301,Student_301,CS101,62.56507483616892,52.6011218660863,42.743893204175954,61.94687362213156,59.76183175339998,46.09587643955592,8.007829314428871,Yes,45.19290436662977,19.684377757047127,1
STU1302,Student_302,CS102,66.59728439704546,41.46302244892855,56.55469594638379,52.87384297069951,49.96087899321348,82.4878448401171,6.0931116351954016,Yes,48.238899472422965,24.85465987035829,1
STU1303,Student_303,IT101,86.20940407684893,61.58956008871713,63.148735421422536,62.86039073954332,69.96780001155739,66.37779318660753,7.824937463106928,No,55.29486948515913,23.45235163463465,0
STU1304,Student_304,CS301,84.15555398150197,53.07343283511163,56.75665022953058,54.58569585719104,73.63779458061641,42.00953362206877,5.961370974539584,Yes,47.670746349843,22.827913241575946,1
STU1305,Student_305,CS101,74.68647609053778,47.41288444814357,60.02186002831925,46.282166040571255,78.38844190299848,50.8545556218326,9.151232097633908,Yes,48.685190023249845,22.741312719973276,0
STU1306,Student_306,IT101,76.75991074963173,50.17213383418318,50.67330085285562,49.24811523966688,89.11763121694648,26.463035519493125,9.0920564473097,Yes,45.79437885174249,27.027994428088395,1
STU1307,Student_307,CS101,94.16497343682636,69.05306451157506,70.88909787112809,77.84737614913757,85.7534334960093,64.39754675546959,8.298009298232914,No,62.70642134692542,27.679539601263293,0
STU1308,Student_308,CS102,66.12642916746255,41.539809894306245,49.53452120702978,56.26516025540303,54.99605096918992,35.271095948066524,8.042491591870524,Yes,40.941521644311,18.005783465932335,1
STU1309,Student_309,CS301,83.20646071755057,73.9175759122889,71.44019821233567,53.408640370481166,75.17292393427856,73.47779950321028,10.0,No,59.56952298876576,25.607732869578417,0
STU1310,Student_310,CS101,71.9671102134916,40.71963180195031,57.391598664500826,64.01502027023461,67.56024326801447,42.46721204773026,7.499529491082338,Yes,46.60887259058546,22.088813090283065,1
STU1311,Student_311,IT101,71.7347819515917,48.20356786908661,53.62155612084433,53.922597640091546,58.67426243902496,48.539111864324205,5.727188811868798,Yes,44.781380790873406,19.52324012140514,1
STU1312,Student_312,CS102,91.48165277980786,58.00305834743518,76.0923008487028,74.52820895914272,94.1822950556306,52.408780592097145,8.17421086924846,No,60.564809112042816,29.611055531761707,0
STU1313,Student_313,CS102,87.38124523482045,80.13268106868561,77.6837406029134,83.99278079687872,76.28444539262391,91.55547094501333,10.0,No,69.94151980101917,29.871796302446246,0
STU1314,Student_314,IT101,87.20264454000957,63.61286562432369,70.26623679156272,77.58279163910039,78.46269922603645,55.43920742904077,5.977860760221222,No,58.556943578380874,27.18518760765306,0
STU1315,Student_315,IT101,94.58218210731494,80.8466436958896,71.03455391801765,73.12592422168947,86.69331167896695,100.0,6.957805849959021,No,69.77637322742045,32.49977300836645,0
STU1316,Student_316,CS101,75.31505762449139,35.937780572152896,46.60619107503374,53.540026718428,67.19298096803186,64.98411771294766,8.124669057152179,Yes,46.06429435062439,21.920414181523707,1
STU1317,Student_317,CS201,85.22929456942445,63.07458206478925,54.84408231305137,49.8436647856476,79.59513108808528,67.87774761983432,7.419142726491391,No,53.77572509964987,24.970032921009018,0
STU1318,Student_318,CS102,70.34599865109816,58.62949406810396,50.61236532424209,51.21784307834252,55.45196967061184,54.42997935253139,6.026544629434028,Yes,46.06136602054431,19.830596273237916,1
STU1319,Student_319,CS101,79.86249528732664,56.88945740698831,55.0291549282436,62.203857459522425,63.42438387488554,62.19367367572011,9.182786784345708,Yes,51.48721902161762,20.992212326766214,0
STU1320,Student_320,IT101,73.04785418448473,62.80815619026991,53.42010539064715,51.22714873226296,54.05428545775602,22.97102883084577,10.0,Yes,42.41345410029697,20.875441651829618,1
STU1321,Student_321,CS101,76.45493947489078,47.58606906090095,57.77432126409463,60.16042723244263,68.34690255227811,49.25405502835391,7.794197188535861,Yes,48.48599538776767,21.327180843095032,0
STU1322,Student_322,IT101,83.92735538155371,76.49156928736832,67.39108773995842,67.78688183452518,77.87566014931326,72.9355234473155,6.143897565395999,No,61.437436670646115,27.43058505110067,0
STU1323,Student_323,CS301,62.72668975149792,65.53902323163335,46.6028018157062,48.770904660233946,56.18914394394956,43.29525113454808,5.176559212419788,Yes,44.26228066641516,20.73347216020655,1
STU1324,Student_324,IT101,100.0,64.55742159340511,79.86501643826202,73.4999741917654,100.0,41.896203063928496,7.886963971831771,No,61.284263209865465,32.345813542012436,0
STU1325,Student_325,IT101,59.90973927750447,37.93332650856446,45.31856899626275,48.93819716454954,50.88975278297478,41.308910100037714,9.155816014974386,Yes,38.92409526122727,15.343845052824848,1
STU1326,Student_326,IT101,56.787170808184015,52.131058448535725,31.3722623731986,47.939392561965,52.0666898492244,59.10528577108265,8.212751619743072,Yes,41.80457343729157,18.900484576055106,1
STU1327,Student_327,CS201,92.37166310250102,86.54632008548052,60.601950073067655,63.82513285911797,68.43169108318126,87.69565646628524,7.496394238621719,No,62.43285746762573,29.253921932559344,0
STU1328,Student_328,IT101,86.87494040944404,53.99894323139775,63.90444552537724,81.75741896877646,70.48077298952971,59.73513936284671,6.616092522316041,No,56.08213543337399,26.0472762952676,0
STU1329,Student_329,CS102,84.36179725578234,53.73610081803866,53.06614567814202,66.65773060186676,77.57520919616555,75.10645228111463,5.861754550922866,No,55.33389885437507,26.340264407152183,0
STU1330,Student_330,CS102,84.4251826389642,55.52917028709033,68.38379623925229,67.69928439715079,78.92996532098157,52.909143420667874,8.752126989487323,No,55.367247775771695,24.721445350499426,0
STU1331,Student_331,CS101,74.81629840729629,37.28338729100003,67.56473491145654,65.1516368885084,61.394501758369294,26.87593586755915,8.870657432078378,Yes,44.5234756914953,23.983453350524645,1
STU1332,Student_332,CS201,61.54118442771252,34.598589769879595,53.6562931096609,50.6681872367305,51.8693764872073,31.700282724873087,5.1814053199639005,Yes,37.94568910805254,18.58096108374949,1
STU1333,Student_333,CS101,76.1370683729059,41.82809772890048,55.47770983390716,68.16655760482213,53.159862393722456,77.0947016664652,9.884758467271029,Yes,50.935281282514744,23.558016862498707,0
STU1334,Student_334,CS102,64.84257432731832,37.92190642658305,58.29818277852564,53.7358464641815,52.80111892918801,41.83651867438529,8.361106831341003,Yes,42.15911335070074,18.265299498421204,1
STU1335,Student_335,CS102,89.62679600126627,62.2724529019651,68.55255578681776,66.21235683696806,84.16299561705134,58.37601194700216,9.59939196771869,No,58.19596084292053,25.39324820055925,0
STU1336,Student_336,CS301,72.79413927746792,53.51331647339229,52.14181614509624,60.86684521828919,66.0621737914037,46.59060481015985,5.486808377272327,Yes,47.4435941359356,21.66494615408197,1
STU1337,Student_337,IT101,62.61754204811233,58.39555890433928,43.12217982841436,42.9323012506469,56.35995642695912,67.67875002626602,5.451263766876842,Yes,45.65666836725041,21.872961186911336,1
STU1338,Student_338,CS102,70.1792123752051,38.61589362504581,50.51170084489262,56.90523336487212,60.001638335261305,71.94715186955405,7.276546035349055,Yes,47.54302734582916,22.57576328294796,1
STU1339,Student_339,CS101,81.19397181413436,68.82393703158337,57.74371709424708,64.68536995893047,69.0722246322717,92.8660962171633,8.254176640342791,No,60.24092026242312,28.08797924025932,0
STU1340,Student_340,CS101,66.54413170794038,44.44493692043244,51.0421187356477,51.85040981025365,52.16846226428349,44.46418710988264,10.0,Yes,42.32835247341666,16.233244605169123,1
STU1341,Student_341,IT101,62.66669406650352,43.40172677252496,48.00628460442689,49.32785316266151,57.64601663790901,47.57184772552861,8.559118370722697,Yes,42.418807878962284,17.232650476838273,1
STU1342,Student_342,IT101,78.65530817237868,63.02043598822892,59.01543969467062,48.1225048771516,70.16818761383998,31.2003182982582,7.13597808478195,Yes,46.443810759488535,23.562530429155096,1
STU1343,Student_343,CS301,78.67449856663085,41.822710185222405,62.443463065914685,58.62253315655059,70.7442573967527,78.31156407477158,5.960446188501162,No,52.98416234461885,26.13034919647169,0
STU1344,Student_344,CS201,67.39585236943306,51.04302127837104,58.571351333046366,54.54241802060257,53.74121785425788,31.43639701114384,9.345000859078723,Yes,43.113234392750066,19.089564151491462,1
STU1345,Student_345,CS101,67.93442541572516,49.2502730596275,57.40156052102707,55.43351554651756,43.1156502049191,50.49940246468444,6.052941861373927,Yes,43.62555727635826,19.079071012847578,1
STU1346,Student_346,IT101,78.48074906036454,60.73371595351761,47.20697131105721,54.71932776323314,75.31917336651388,37.71309947936378,9.94270283215848,Yes,47.605831784307355,22.39423583896107,1
STU1347,Student_347,CS101,53.27873487754014,39.60609534132746,26.352082453696333,49.36651915061753,42.73573925909836,31.020298506280223,7.073423025590236,Yes,32.69235962276836,15.006809303738429,1
STU1348,Student_348,IT101,53.88804338435168,57.56832843821463,45.45089972943632,38.442787927579616,41.15550709632664,28.697943527347377,9.885873108926775,Yes,36.86688997130523,16.234638439292358,1
STU1349,Student_349,CS102,64.22333668121345,38.812667218302806,39.38895142583885,57.60484696371629,59.04358914314883,37.14838017153673,8.518396935088917,Yes,40.08613864293874,18.295084648895525,1
STU1350,Student_350,CS101,71.7982927243223,44.54010368538396,52.23494233130264,60.50581676384217,58.21396498841916,42.517186976021954,7.294506765836313,Yes,44.21775358513437,19.451438215251162,1
STU1351,Student_351,CS102,79.66361348397007,48.31828553228403,50.426166928922406,58.5828105237578,76.15790770300325,47.02911476593237,6.72090544226081,Yes,47.87253181602677,22.872079106441625,1
STU1352,Student_352,CS101,97.13034325424329,59.898187789883245,55.34505959672458,94.94793024161054,88.5537917333363,84.17964205729481,6.98863818398088,No,64.98554160047173,32.57017503089285,0
STU1353,Student_353,CS201,87.86489434803029,53.10483315368394,70.65622730173371,59.80403806720416,80.69133483208219,42.089695527319606,8.142475038562857,No,52.41476732009773,25.51092164912057,0
STU1354,Student_354,CS301,72.60092205054859,63.76919990914697,59.962227999651866,64.75388169150848,51.79381933162913,54.02294762569411,7.615734744326575,Yes,50.31963521699285,21.54868308944826,0
STU1355,Student_355,CS102,74.71475688145966,68.22022424766817,51.728684218101776,67.24763196841458,72.56255337144994,70.50023420823346,6.609282887896942,No,56.14476848362747,25.36919155081345,0
STU1356,Student_356,IT101,59.96205953043287,36.839973184916005,29.435121431078414,43.94847073444978,52.5342625914881,35.81897947935221,7.251552884523551,Yes,34.30472671763468,15.42482079640203,1
STU1357,Student_357,CS201,74.72230296011415,42.97628327647487,51.96006290482537,70.18266376937663,60.75463368859712,41.576701501033625,7.617865544578724,Yes,45.84470178081438,21.6322664770232,1
STU1358,Student_358,CS101,70.67012041619793,54.46633341172297,55.77147393628312,54.76901460332249,61.08293037910534,46.21084368726111,4.306898858377782,Yes,46.101249146012144,21.02307560652688,1
STU1359,Student_359,CS102,79.84077840507135,49.27505722725831,48.072838719484345,66.17757513228597,53.68306128179914,74.72658067147076,8.187252172183047,Yes,50.02039420074692,22.97487996602346,0
STU1360,Student_360,CS101,62.59153584671515,49.7565012766362,48.09132978420715,51.702623047685286,55.760626179573215,46.24397404088822,6.030418162924789,Yes,42.93091208198581,18.370551906904257,1
STU1361,Student_361,CS101,82.79019771361759,60.473143952070856,61.9658977412134,65.12021344479268,61.8494809882591,49.15727110375971,5.770001395191382,Yes,50.72266810421453,22.697004122756002,0
STU1362,Student_362,CS101,97.99108369503868,46.31434732158366,79.16985295340247,86.33806509161393,70.03745842159431,78.07687807145551,4.968983479333934,No,60.8175975564973,30.660724392441846,0
STU1363,Student_363,CS301,73.36859777314713,68.38876144143875,55.90379272503463,64.51659369609014,51.19397222718746,35.18329256723376,4.809161253198164,Yes,46.66592898503048,23.580538275015915,1
STU1364,Student_364,CS301,81.02567583148412,78.54480340802455,52.884900017057646,50.652942180729084,77.88745721410096,67.7594960456087,5.466828745331567,No,55.53273793514209,27.26243188165257,0
STU1365,Student_365,IT101,85.35215987566669,51.90108617093312,74.22711611802343,79.41455359477355,67.17843691607953,66.72161516363208,6.436468563554264,No,57.64654608783266,26.74867332986721,0
STU1366,Student_366,CS102,68.98169292171245,44.275538552282775,50.64270585872868,43.71720315702155,69.21435237455371,44.040555158237865,10.0,Yes,43.6483925168041,19.158835455890145,1
STU1367,Student_367,CS201,78.36138722715626,58.21309234562487,58.5570782610075,70.78028507655971,62.40856455077103,41.71042176394588,6.711180486157194,Yes,49.730103747344366,23.102697395010154,0
STU1368,Student_368,CS201,75.18888601172692,56.40433522693622,49.37452668948004,68.62267921955717,51.07311882450078,39.29851004934009,7.766625159402047,Yes,45.4232991948694,20.793581643957356,1
STU1369,Student_369,CS201,76.46514147823248,61.078951181703886,53.95929210345953,52.830022939145245,56.45785033003976,61.70457569250304,8.100722079759493,Yes,49.0219023877685,20.37124712290903,0
STU1370,Student_370,CS101,63.404853242168,63.50190583460067,41.94356130851124,48.11912062997978,61.72977069599339,59.96806294907857,7.696597779323773,Yes,47.15983653291457,21.113378889338396,1
STU1371,Student_371,CS301,75.36765261388415,50.75694225380469,55.22228560388826,51.96068555630752,62.887536750014704,43.15087905247824,7.3838348089110095,Yes,45.2270273375674,19.617025793773422,1
STU1372,Student_372,CS102,82.46997436868175,47.85364906372589,75.96893622491073,64.20352630902512,65.57775428455412,65.2896099966443,5.707059354601133,No,54.100089205576886,25.369948502353814,0
STU1373,Student_373,CS101,96.76715411692562,47.71608843478984,59.29986865457172,74.43296318843065,83.80053183164816,27.345874850797102,9.676391322418818,Yes,50.37861971377604,28.176203211334002,0
STU1374,Student_374,CS301,89.3890623912781,52.77177103229054,52.61832274676239,78.4805623093266,80.46609186360108,52.12065751374191,10.0,No,54.409567577620415,25.462501772290388,0
STU1375,Student_375,CS301,100.0,69.50309540689304,89.71170327493608,93.10308746119608,96.1739881590246,69.37882134258196,4.976011958815971,No,70.47445126724128,34.16074567756613,0
STU1376,Student_376,CS102,63.489786556679256,61.53326494742868,46.28834835914632,59.6529959701101,63.16280926651898,32.89172939401002,5.96395711367043,Yes,44.915517508480754,22.315853827319273,1
STU1377,Student_377,CS102,88.08480955081018,54.820312781024825,60.17009268705786,65.51600128497768,71.7030728535202,45.16096955227488,7.080284486434491,Yes,50.741788940881655,23.240708070854527,0
STU1378,Student_378,CS102,77.75013008607527,57.035022412995794,66.3978700367729,60.57340127881128,55.77757256384224,44.04110158339718,6.053193307634713,Yes,48.313026863909016,21.969587433775978,1
STU1379,Student_379,CS101,100.0,69.75365655890872,68.94384460263136,63.1656180777905,80.86534838876725,75.84385456652747,8.258948330183799,No,61.138545087468174,26.611638505251427,0
STU1380,Student_380,IT101,62.87552571967273,55.22099577823658,58.637776360603816,45.23347016646864,55.08072423032,41.6571859008007,6.40759169639008,Yes,43.7062906888033,19.4043267864157,1
STU1381,Student_381,CS102,62.40417236728836,67.33658965680799,51.03366956819626,55.94441465589802,47.02928869701913,15.747927120649855,10.0,Yes,41.18198161642854,23.03235468729135,1
STU1382,Student_382,IT101,66.00911031833967,40.95005091339891,46.286172942168136,63.471606737472726,49.78967573732806,18.209271157356195,9.285822891515394,Yes,37.99876672987324,20.402644790387917,1
STU1383,Student_383,CS101,43.141564135352894,27.031817429781334,41.6631381657464,29.1880772061215,38.153484209134106,24.96287229633949,7.818861045948322,Yes,28.1363750588452,11.903902018157124,1
STU1384,Student_384,IT101,67.11367467478858,57.49119328411535,46.27008057728037,49.71469438530817,56.720099664024026,53.12297800023455,9.0404793949796,Yes,45.39325421765702,18.305048997871474,1
STU1385,Student_385,CS201,63.61301007669453,51.03568258380779,52.43044959527054,50.722433093004526,54.27969012515061,9.573696404476696,9.158850636535965,Yes,37.86680040637435,22.112510894262492,1
STU1386,Student_386,IT101,77.25590679714311,75.47949211379984,60.25414206755338,63.96913587510921,59.80769628920601,46.35771317550213,6.654078767912635,No,52.087043048180526,24.131640061039388,0
STU1387,Student_387,CS102,80.12633963665739,63.10664196078696,70.5251311948359,57.6140150484984,66.26127210326081,47.65517484878461,6.275674133187053,No,51.90631821489229,23.71066364447429,0
STU1388,Student_388,CS101,100.0,64.61061863819411,90.61511196726852,84.2406104446409,75.75766855731696,97.76675556416896,7.617214594454471,No,70.10132996100731,32.7185483445907,0
STU1389,Student_389,CS102,89.25635757279075,70.38740511650886,67.22792555687576,67.17576863881067,83.81349070628055,55.606321401040105,8.792454186746916,No,58.83389426771047,26.12306809109589,0
STU1390,Student_390,CS201,66.34644516506395,57.47629281256286,44.76117413166773,52.98127045231752,63.262989712146194,51.52450315053227,7.708590597980127,Yes,46.28580347620112,19.880900404524354,1
STU1391,Student_391,CS102,61.52377992977463,50.63852072368546,48.97275743693229,52.57997112914792,40.93676736577268,44.804780590892335,5.134505276713504,Yes,40.511217087190694,17.832230860342744,1
STU1392,Student_392,CS102,82.37878757259759,63.93344424827081,56.20115363149888,65.95593593812698,62.364771666886654,22.56245461095143,6.295763334073737,Yes,46.218920571634754,25.366018507770313,1
STU1393,Student_393,CS102,55.19650189469037,47.46905805502217,52.51056972330265,41.74850405242571,38.65670862408291,47.11802154394897,7.389040704608432,Yes,39.148650450565135,16.290825649467497,1
STU1394,Student_394,CS301,100.0,87.5394338566851,76.36535331082737,78.90390196074169,78.49976065593101,74.30793010912576,7.386501593511254,No,67.16714691447037,29.632863408785244,0
STU1395,Student_395,CS201,92.69160181081932,84.10130089304765,66.1324773814012,73.33423102570679,78.01446163202527,74.30656813990228,10.0,No,64.31483984534721,27.253525875031073,0
STU1396,Student_396,CS102,67.96236521842943,54.18683439807664,52.22690495340628,51.85520969997391,47.91587864983482,100.0,5.421018086401503,No,51.934307631282195,29.98369692069288,0
STU1397,Student_397,CS102,49.30298206363683,33.276174487090096,30.335502218714,38.16644388732787,37.36249097092082,13.961490869607315,8.258383862753812,Yes,26.893414382735653,12.678875046872875,1
STU1398,Student_398,CS102,95.3080856124812,68.81311001680332,62.22079681289472,91.4828686290464,71.44334725364651,99.59116711893508,9.733669662492437,No,67.2141599156364,31.580449394656824,0
STU1399,Student_399,CS101,73.28190232121074,64.55962245984706,63.75828821560868,62.736046276378325,63.808511391768285,47.08439141701327,10.0,No,51.99114329343593,21.628073544016356,0
STU1400,Student_400,CS301,93.56724467960191,54.03130830350772,64.02905473678672,72.08906782217743,80.18099383272319,70.87398605608101,6.893403865224058,No,58.01630243608336,26.53382906836074,0
STU1401,Student_401,CS101,51.08358511808449,38.58348273584535,32.96469220907434,44.4271610590924,39.734153176489656,35.293523851306915,8.2371441790803,Yes,33.2066928684815,12.84763249310417,1
STU1402,Student_402,CS301,66.0093746556934,42.31195490455405,53.049442251928326,50.60397814788704,57.27515197693899,40.60584724421956,8.354640535797971,Yes,42.03350251022099,17.683287809125023,1
STU1403,Student_403,CS102,75.07865549577275,52.878777245802446,65.21109899661452,68.87058644851527,59.712456597694114,43.99860082516389,7.793222597329936,Yes,49.7441237851867,22.392551226419727,0
STU1404,Student_404,CS201,75.70470890647113,67.511020150973,62.22134678997761,63.362132581167565,62.29244546548155,57.98236881626859,7.351732198141041,No,53.45350766700157,22.78894738204905,0
STU1405,Student_405,IT101,68.24901792781135,49.73066110735971,57.98469108241012,53.866887747265366,69.43281140985147,27.06518958471809,8.15396308425007,Yes,44.3723673359758,22.55433285731808,1
STU1406,Student_406,IT101,84.34274898521248,59.6274122083798,56.87404392006378,71.25036681717471,82.99715363899134,71.70110635361235,3.701630872170472,No,57.69195230173207,28.070660852140726,0
STU1407,Student_407,CS102,58.98569355926108,29.258176849004627,35.8526213406735,37.9226329148625,42.47216946569424,36.38008236595463,8.523104235093946,Yes,31.73479786188057,12.141103430848537,1
STU1408,Student_408,CS101,72.8643077246806,59.16130282862357,65.58759451486077,50.08133302086412,67.98044938852765,34.53667139326381,7.689266855492951,Yes,47.506103000272155,22.987828452923665,1
STU1409,Student_409,CS201,76.80443447567848,61.19951125730544,55.12500160286152,52.27367408825775,71.51565465465077,46.85050751994448,7.166287654832602,Yes,49.02177279630877,22.175176789770482,0
STU1410,Student_410,CS301,82.71658251088124,84.74216342946933,59.962631892955216,67.35564243794329,60.81105362741688,78.69902514263741,10.0,No,60.261752755070354,26.518603980842116,0
STU1411,Student_411,CS102,85.67422317133335,56.01665704163698,75.63486751086339,83.38256620842351,79.8379035535086,50.79907267663874,6.487598971814172,No,58.69311099381424,28.77008619125092,0
STU1412,Student_412,CS201,58.13036862243196,42.60215143532709,46.831162015355886,59.47492489849197,58.35086826241974,44.85866622781632,6.895386016402454,Yes,43.16885980930224,19.12451359867362,1
STU1413,Student_413,CS201,51.98828743896567,38.3365558019774,41.36129803271308,44.90774835741762,38.35412611810556,28.7915682138336,10.0,Yes,33.62521608734121,12.753170564335965,1
STU1414,Student_414,CS301,94.16515232847765,88.19677588693196,91.0106418062704,80.04833149038421,71.40070018894437,80.18957192016218,6.251908042725216,No,69.51632155590305,31.754507030140452,0
STU1415,Student_415,CS201,79.98471017969388,54.845969294877214,54.84137071953989,49.5820600554448,76.12673940139176,66.95532468840007,6.674827075595192,No,51.504381872541494,24.002825374128197,0
STU1416,Student_416,CS101,63.7727019516517,47.30998485631323,53.74661365842948,47.55738411258056,55.93819561275946,68.21904739635671,7.279461864853725,Yes,46.67511458354886,20.75162992769323,1
STU1417,Student_417,CS101,98.26727963283784,77.74754618920768,74.26071219332874,70.87248708237297,88.94639502289597,65.33665747782335,8.761101723194324,No,64.32081661480383,28.34196867022747,0
STU1418,Student_418,CS101,76.73511951439288,55.86250466525689,59.61238569771617,56.62401414631199,67.8383670098145,63.97644493146922,7.81170376102997,No,51.95423670193313,22.095840905860936,0
STU1419,Student_419,CS201,92.6894577609574,58.67566698382727,83.68438428561018,72.59305027171783,82.40737840283855,66.70058584543338,5.561061979271607,No,61.60368796144979,29.03943653720136,0
STU1420,Student_420,CS101,76.01277722115164,55.42194196346124,60.86978353664156,57.221730185851655,54.52797760004117,72.90950666719218,6.701747155309215,No,51.27544785141617,22.847447159886837,0
STU1421,Student_421,CS301,100.0,86.10447624789659,80.38296079049633,60.20700189624212,95.47317706621448,55.6233522478254,6.588968350181683,No,64.06332276647609,32.02538901477105,0
STU1422,Student_422,CS201,100.0,54.602270508834096,85.72507337309803,87.47910256117534,96.69589992427774,84.90010625754562,7.384168432165431,No,69.46443684284937,33.596406555551056,0
STU1423,Student_423,IT101,71.2655377728139,51.30729974130268,50.84829807635742,49.36746935611284,58.94094163328043,47.11083493883611,8.138765487944744,Yes,44.28560153897237,18.15242851819399,1
STU1424,Student_424,CS201,89.57356426431534,53.29464746355991,59.663073091374,73.80187084720187,75.7480910888512,61.55158222357329,8.127308633831959,No,55.36442889139871,24.689356752066804,0
STU1425,Student_425,CS301,84.68063924377721,74.45604434016555,54.66296838908524,85.30797602690855,59.01302715047446,60.83037927770264,4.835982368927397,No,56.517729592210635,27.748621652807724,0
STU1426,Student_426,IT101,95.52947336298524,45.04424492698123,52.8626040795464,67.64074610515875,86.11270096021686,71.68990980039187,9.095911481341284,No,55.407686225606064,26.893178789620443,0
STU1427,Student_427,CS201,60.52614809129843,37.29389568899556,57.84004079378898,33.10606274150784,54.90966922099562,40.96132440860699,7.878853268994935,Yes,38.66497435381499,17.98562267116228,1
STU1428,Student_428,CS101,85.29077189997659,64.52944412909719,54.55872961709104,65.79326543490059,71.96672413046852,63.36615095592667,9.57679807139086,No,54.96518538981247,22.928679919917407,0
STU1429,Student_429,CS102,90.87636730274382,84.95382761721638,66.14660292065349,82.70621505975755,87.46262709829884,92.29618436114342,8.166297490936008,No,70.28862575800095,31.701367951090134,0
STU1430,Student_430,CS102,48.618907703653285,33.5537295113675,35.118344749895655,48.41639757576617,39.70182454221472,43.615532854861385,9.151984436603644,Yes,34.926302278451516,13.758832134717842,1
STU1431,Student_431,CS101,57.25112231001337,35.307916215633284,44.69827957802865,38.76158842618843,51.89588625554065,50.02780079327928,8.199817967175191,Yes,38.14854820597425,15.989849141631256,1
STU1432,Student_432,CS102,44.411517333598496,43.61981810302126,36.9314507356339,37.73513048311416,33.22130568833101,27.04182182228927,9.519338634304123,Yes,31.34481091111562,12.009252417830503,1
STU1433,Student_433,CS102,70.95889748333164,34.25880775122083,59.32499811726313,53.46532628660751,60.14793939489219,37.05131848468283,8.283375954026667,Yes,42.088627664782194,19.910480079367968,1
STU1434,Student_434,CS101,85.76313383693943,31.747720254997446,59.321695537575806,67.70186078055264,71.4033470058424,76.42010761198708,7.353127130335644,No,52.3246430535485,27.114029289515365,0
STU1435,Student_435,CS101,97.53535578144042,74.71229393724728,71.52148925478414,100.0,85.10260124788839,85.36385616512493,10.0,No,71.11670676750747,31.563190841203703,0
STU1436,Student_436,CS201,76.11142170629662,47.546186076038246,59.2343224574584,49.44981651738384,61.882186459125286,75.69540696172359,8.833555683419839,Yes,50.44024569252486,22.74445053157223,0
STU1437,Student_437,CS201,99.42923318356938,54.369403842118096,72.09920809007819,82.0663005439219,83.20762626880524,57.58979712892802,8.36061663150662,No,59.61549208422634,27.83938900465164,0
STU1438,Student_438,CS101,54.29847812677663,43.77833624769041,49.45150045525174,45.978285247136114,50.63901683478037,35.51610616032068,5.585543375192496,Yes,38.49146472006196,16.990240233525043,1
STU1439,Student_439,CS301,49.44926340967268,36.42284924398162,39.51478252836564,44.92854412659277,39.87210691671004,18.40022754502952,5.567538573804693,Yes,30.784341489080706,15.361723514034761,1
STU1440,Student_440,CS102,74.16678451655072,45.64136442314922,61.07544062780871,60.06013715621337,51.12630107509708,46.09508517114769,7.93907322321278,Yes,45.32290027943815,19.479508994180847,1
STU1441,Student_441,CS201,80.76098173408961,41.02289119059252,65.92423050363911,67.09663178667842,82.77664584695528,72.62948977419055,7.718281796652361,No,56.19469514978471,27.460389453938415,0
STU1442,Student_442,CS102,74.5095787785886,61.90766934987898,64.62568836683316,56.68950604408735,73.62629811231945,45.20503030332183,6.5788161524875255,No,51.43883472148806,23.89403386677444,0
STU1443,Student_443,IT101,43.98836849940185,35.08205130179991,33.78756067761086,36.37454030598215,31.70566046145796,36.42659019912435,7.71147404941809,Yes,30.181312832565553,11.149879888328922,1
STU1444,Student_444,CS101,73.66319940730817,50.4683978706198,45.69452051747718,56.40249542334517,67.6943278552673,48.75762592815005,9.882940392065391,Yes,46.48338466448749,19.54256994588216,1
STU1445,Student_445,CS301,55.43295749242721,54.157752760577104,43.79030664329436,47.791922808829575,44.32987596098953,42.39575813880465,8.543103711825449,Yes,40.16812000405344,16.058497250404127,1
STU1446,Student_446,IT101,85.04508823245058,45.88074375745407,58.24434572400383,64.89271622191481,74.52915434517826,40.01045866061595,5.7884872353708925,Yes,48.22431765742297,24.264955916640368,1
STU1447,Student_447,IT101,80.49897369145272,37.92879999402898,56.11892023288586,67.43479842193904,70.79260167981958,57.72113623288542,7.332736759285584,Yes,49.554832220140746,23.65747994227494,0
STU1448,Student_448,IT101,60.90180320508967,36.310494877374616,49.24741501149407,48.54322675204476,50.33894695186596,6.198147391670635,6.292550278721159,Yes,32.821796877195204,21.206628614135404,1
STU1449,Student_449,CS101,67.2919962399496,46.64426126178645,58.801651158652746,61.411013916055175,51.92408118179301,44.58907425350525,6.918450125387158,Yes,45.048088649529966,19.803095078697392,1
STU1450,Student_450,CS201,59.11179717166573,43.53589284600017,44.45958799170366,46.985640200866655,46.163115333593126,22.102217284902554,6.879576501555536,Yes,35.02100502643695,16.659678004438344,1
STU1451,Student_451,CS101,74.05981354090243,49.161984859004384,57.83207168851227,46.11680543298518,56.16554126694477,69.7050152839933,6.783531626093993,Yes,47.62749169292232,21.62089132076908,1
STU1452,Student_452,CS201,89.32713480751858,67.24620934488505,82.2007494887194,82.73409104709334,68.49763513334192,76.41770864541333,5.617296942039908,No,63.785615100248826,29.24196910353426,0
STU1453,Student_453,IT101,60.21410930496684,30.845826760324996,46.61025580524943,42.7175010674554,50.77748481922655,47.76991201698915,7.308517977722714,Yes,37.67158307449471,16.417117517297914,1
STU1454,Student_454,IT101,82.56069773276766,75.67222037406157,83.40020061820508,60.6510176789098,64.26722866183432,82.90755548696994,6.659088544729035,No,62.259551894118296,28.81387315023932,0
STU1455,Student_455,CS301,67.04613572441339,46.10610714862507,54.07612543875779,49.64322978290874,61.562110902639866,34.208057837817336,3.1058269649965977,Yes,41.450243012624234,20.858790608636458,1
STU1456,Student_456,CS201,63.10690751606484,54.7511979680629,36.218551377070895,59.1591797760806,63.02642194649584,66.22897280681187,10.0,Yes,48.230720645753685,21.497338965280967,1
STU1457,Student_457,IT101,73.39454460068163,55.1493068285525,60.57502497148185,43.04095204550679,58.12808856112903,65.05973628837474,9.133154481325008,Yes,48.51437719606165,20.671201973188122,0
STU1458,Student_458,CS102,59.47136516370939,45.70451623749575,46.87032482203938,66.23771101468623,51.97443163647047,38.81630244107575,6.935548912612506,Yes,42.75647251073001,19.80210888959889,1
STU1459,Student_459,CS301,66.69526041979228,52.38679886391913,58.62348489591351,60.39960672570935,60.02363421277812,61.83477858472046,7.528228574610898,Yes,50.13275530960859,21.130518080607157,0
STU1460,Student_460,CS101,57.03183161116728,43.75232800868495,46.613150255316086,46.89863770490122,51.168972273007846,27.303493065339666,5.742518479023657,Yes,36.913183297712244,17.365232909371695,1
STU1461,Student_461,CS301,100.0,79.64084139801315,73.61544016016227,79.45105999383713,85.75955267916088,53.50971676944653,10.0,No,63.66276850010333,28.547047793395,0
STU1462,Student_462,CS102,75.52895327957593,67.92869219817352,47.39971853078528,62.57992266153239,69.80901285542492,43.67703834110288,10.0,Yes,50.23239743116983,22.443291669789943,0
STU1463,Student_463,CS201,64.50411738011121,47.05434585579291,47.02980196276831,54.96474813304792,57.93920407810942,38.32863413159316,7.735040592369787,Yes,42.17529579228025,18.222898998069052,1
STU1464,Student_464,CS101,78.20969866101333,63.06443459728789,52.00537915288625,67.61397058366498,56.79852335243356,38.22017809105535,9.035295966278015,Yes,47.789630290601,21.534760976862326,1
STU1465,Student_465,CS101,73.31507925463755,50.33370854745059,50.73019716781728,62.72548194963738,68.69004194097676,69.25464187806608,7.762930168400886,No,51.58283360872483,23.02858760896573,0
STU1466,Student_466,CS201,71.68545600700166,65.6651380988555,57.98334313692772,57.990528004121366,67.29322243398148,46.46860005891509,5.494911841686104,Yes,50.14929059574788,23.08711472083624,0
STU1467,Student_467,CS301,84.21250050065137,50.40464728908551,77.22205876636181,65.70816421862826,65.15280228252577,64.88581531530313,6.882264946554514,No,55.04262546974317,25.082727949775922,0
STU1468,Student_468,IT101,86.36261565070957,83.7839199180916,68.18044830187014,67.78365687512876,73.73586437324124,50.60242378680835,7.697891950157936,No,58.63070086754968,27.182453641917263,0
STU1469,Student_469,CS301,67.04248278584208,46.52589464287124,42.26436512934416,52.3272727256374,61.56731759172606,22.51818486271521,6.818178421884833,Yes,38.67020222902981,20.302031732560515,1
STU1470,Student_470,CS102,66.3627263903298,32.211387979037426,52.72254931509772,60.61418858505651,55.01925385793432,50.03825699015589,7.172020083847446,Yes,42.96294280185489,19.99408504658751,1
STU1471,Student_471,IT101,70.87422454272534,50.973852340003,61.63670127498592,60.90616687555806,67.84773956999487,22.50603947773874,7.362900663736328,Yes,45.205566700336156,24.534742915464967,1
STU1472,Student_472,CS301,40.471182528966224,24.195382879078224,27.885523374349383,20.47684550921339,43.96737667011558,27.77428756891106,7.378682253201808,Yes,25.279683042478243,11.89060245043879,1
STU1473,Student_473,CS201,52.27213406702172,43.18182869121252,38.50356421990537,45.2462405861601,40.32279722969823,22.285544415757062,7.578387735746225,Yes,32.85306047974659,14.822152364797164,1
STU1474,Student_474,CS102,95.50311401166786,57.50303646285781,71.76761234233571,78.26228250997684,67.98824089089833,100.0,5.909092400405099,No,63.57171076774563,31.59530996919596,0
STU1475,Student_475,CS102,99.67451570251926,63.10119334873791,66.93245085366978,79.55313393820128,87.75163548497493,87.94008858418248,6.424475776308096,No,65.28382966434575,30.638625309649264,0
STU1476,Student_476,CS102,71.26445940665432,29.686556777004864,58.06828002117014,54.24281177243455,65.71696668124876,51.39241893769128,5.573123601450046,Yes,44.113359631833276,22.407715544226942,1
STU1477,Student_477,IT101,83.6483544458365,52.87864621548979,61.72455447394624,76.32170148051554,69.1699420520618,79.6952449296912,8.966723324529301,No,58.12613541270565,25.982314502143854,0
STU1478,Student_478,CS101,79.66875231815304,26.80201036436304,63.09392687492062,71.2838269570986,79.29638585441391,42.28313902438447,4.341529587239513,Yes,47.85013644373669,28.765922693694066,1
STU1479,Student_479,IT101,100.0,46.24145764771415,66.125078221979,72.27122332176391,71.61394200276752,80.86958757340186,9.230385514975389,No,57.72527904710031,26.43606608216056,0
STU1480,Student_480,CS301,91.79362367151865,74.72571908712558,64.82962949445205,77.17137938310896,84.3851312525459,67.92380132174675,9.579524095894264,No,63.10253077247891,27.117963988570814,0
STU1481,Student_481,CS101,73.0812361277885,59.77095233099422,60.09017935441376,51.364001377014034,57.69134493837458,55.01584807073672,7.046729119526068,Yes,48.4965091985099,20.56637945402859,0
STU1482,Student_482,CS301,60.666893390993614,46.338503655175614,43.23830713418728,40.16379990044206,61.99779099581536,57.904772203022496,3.595294368259052,Yes,42.206411376150314,20.742549764173006,1
STU1483,Student_483,CS101,50.903305196136415,28.24897137763211,46.96829569530523,37.53244634141128,53.41037112974639,43.089567449607486,6.958034157049064,Yes,36.0346143584586,16.61049022486707,1
STU1484,Student_484,IT101,78.05195453800835,54.07777348652476,55.41972736437286,69.17271324043611,60.36025684371405,59.14345741757904,7.403723758066771,Yes,50.929608685115596,21.97175489377563,0
STU1485,Student_485,CS102,63.654738820735446,44.52391937177956,49.17127886902608,56.99088363927999,50.60833640229192,23.49003166834908,5.98410267010663,Yes,38.46142543680554,19.60235794997357,1
STU1486,Student_486,CS201,53.666194356034886,28.24158236741818,45.25450585082192,45.686489672446825,50.2293462635048,27.261929834572637,6.727172409287636,Yes,33.900171066342004,16.42521181618873,1
STU1487,Student_487,CS102,65.3014067363621,60.43708831402138,39.71392728955375,56.97610287906804,52.97817812370606,44.108371518869546,9.795292798295026,Yes,44.0014934872523,18.479767020332083,1
STU1488,Student_488,IT101,58.77677994578407,48.879025504933146,33.7331177524989,50.05535371608202,49.69335043756914,42.24137146122367,8.49739074345261,Yes,38.849934935959915,16.141154395959937,1
STU1489,Student_489,CS101,100.0,66.68553739255503,59.74343685429905,73.58518404777048,85.2538842054241,47.39592550652152,6.11315382843285,No,56.46285363916717,27.765678762945193,0
STU1490,Student_490,CS102,88.22459635424175,62.11301629190987,77.30754455449585,74.39029629940894,58.05466796734434,100.0,5.103601245606852,No,62.82818772646098,31.876334801738118,0
STU1491,Student_491,IT101,74.88041038025074,54.75685579247077,52.02797134157698,65.89782767633164,63.5447312125857,75.12592909728754,7.009474023585343,No,53.060464857306336,24.025985844972155,0
STU1492,Student_492,CS301,97.1991620833504,38.27117569726517,97.76485426343076,85.09097818914186,75.91519160038261,79.74449270178201,7.179814830974343,No,63.99441788049614,34.249850339523775,0
STU1493,Student_493,CS201,76.16052461471428,50.48859336145091,52.82305414840176,69.98324630106717,60.98079663716161,54.40964025969348,8.244298781044975,Yes,49.48827158146998,21.398732211857975,0
STU1494,Student_494,CS102,62.08073698007605,37.10580317737729,47.70626082636758,54.06179206806736,61.7308003034014,40.821698037003976,6.697024931148512,Yes,41.353896557227685,19.165018288217112,1
STU1495,Student_495,CS101,97.84686115904486,53.79199670498506,88.47420771137267,81.71629932402753,70.87530642219562,49.864356132825904,8.267249363042792,No,58.83156927640826,29.017260858811262,0
STU1496,Student_496,CS301,83.08365065526988,54.65532967870431,78.9800900616358,75.35811937910948,77.37750862166165,59.446028325330985,10.0,No,59.30284601107371,26.168873490697795,0
STU1497,Student_497,IT101,59.44130768510316,57.63744107414624,56.83482760310584,47.39540031496055,48.86691939487858,44.67314498862064,8.723251533666394,Yes,44.02183081822971,18.060052565661408,1
STU1498,Student_498,CS201,72.14491982874588,57.43647740746199,62.82643835455002,51.35365826181401,59.30485436169316,32.58410044719829,7.427867239003841,Yes,45.155566011953546,21.368763293849206,1
STU1499,Student_499,CS101,61.86572619922865,38.00554789056187,52.73473183269572,48.48375534503448,57.475560401014384,47.44082168576246,7.225274293420058,Yes,41.894281908081496,18.174373160957025,1
STU1500,Student_500,IT101,54.25800403553496,42.64068265409952,43.90843598674332,39.36471015762907,47.96435388150549,36.29579360533716,6.964990298730193,Yes,36.189827764007454,14.859422188264823,1
