Student ID,Full Name,Class,Attendance %,Quiz 1,Quiz 2,Assignment 1,Assignment 2,Lab Score,Prior CGPA,Missed Submissions,Final Result,Support Needed
STU001,Aarav Sharma,BCA-1A,92%,78,82,80,85,88,7.8,0,Pass,No
STU002,Diya Patel,BCA-1A,88%,72,75,70,74,81,7.2,0,Pass,no
STU003,Rohan Verma,BCA-1A,65%,48,52,45,50,58,6.1,2,Pass,Yes
STU004,Ananya Singh,BCA-1A,96%,91,89,94,90,93,8.9,0,Pass,No
STU005,Vivaan Gupta,BCA-1A, 76 %,61,58,64,60,67,6.8,1,Pass,Yes
STU006,Isha Nair,BCA-1A,84%,69,73,71,76,79,7.0,0,Pass,No
STU007,Arjun Mehta,BCA-1A,55%,39,42,38,absent,49,5.6,3,Fail,YES
STU008,Kavya Iyer,BCA-1A,90%,84,86,82,88,90,8.3,0,Pass,No
STU009,Aditya Rao,BCA-1A,71%,56,59,60,55,63,6.4,1,Pass,Yes
STU010,Saanvi Kapoor,BCA-1A,98%,95,93,96,94,97,9.1,0,Pass,No
STU011,Krish Malhotra,BCA-1B,82%,68,71,66,70,75,6.9,0,Pass,No
STU012,Myra Joshi,BCA-1B,73%,54,57,51,56,60,6.3,1,Pass,yes
STU013,Ishaan Bose,BCA-1B,60%,44,40,47,42,51,5.8,2,Fail,Yes
STU014,Aditi Kulkarni,BCA-1B,87%,76,79,74,81,83,7.6,0,Pass,No
STU015,Rudra Das,BCA-1B,NA,63,66,62,65,70,6.7,0,Pass,No
STU016,Kiara Chawla,BCA-1B,94%,89,91,87,90,92,8.6,0,Pass,No
STU017,Reyansh Jain,BCA-1B,68%,51,49,55,50,59,6.0,2,Pass,Yes
STU018,Navya Reddy,BCA-1B,81%,70,74,72,69,77,7.1,0,Pass,No
STU019,Yuvraj Sethi,BCA-1B,49%,35,38,40,36,45,5.1,4,Fail,Yes
STU020,Meera Bhat,BCA-1B,89%,80,78,83,81,86,7.9,0,Pass,No
STU021,Arnav Khanna,BCA-2A,77%,66,64,68,63,72,6.6,1,Pass,No
STU022,Tara Menon,BCA-2A,85%,74,77,76,79,82,7.5,0,Pass,No
STU023,Dev Arora,BCA-2A,58%,42,46,44,41,53,5.7,3,Fail,Yes
STU024,Riya Saxena,BCA-2A,91%,86,84,88,87,89,8.4,0,Pass,No
STU025,Ayaan Ali,BCA-2A,69%,57,53,59,54,61,6.2,1,Pass,Yes
STU026,Nisha Kumari,BCA-2A,83%,71,75,73,74,78,7.2,0,Pass,No
STU027,Karan Pillai,BCA-2A,64%,50,48,52,49,57,5.9,2,Pass,Yes
STU028,Prisha Shah,BCA-2A,97%,92,95,90,96,94,9.0,0,Pass,No
STU029,Manav Mishra,BCA-2A,75%,62,65,60,67,69,6.7,1,Pass,No
STU030,Zoya Khan,BCA-2A,86%,79,76,80,78,84,7.7,0,Pass,No
STU031,Harsh Vardhan,BCA-2B,52%,37,41,39,35,46,5.3,4,Fail,Yes
STU032,Avni Sinha,BCA-2B,88%,81,83,79,85,87,8.0,0,Pass,No
STU033,Lakshya Bansal,BCA-2B,70%,55,58,57,53,64,6.3,1,Pass,Yes
STU034,Simran Kaur,BCA-2B,93%,87,89,90,88,91,8.7,0,Pass,No
STU035,Nakul Roy,BCA-2B,79%,67,70,65,72,74,6.8,0,Pass,No
STU036,Pihu Agarwal,BCA-2B,61%,46,44,48,43,54,5.8,2,Fail,Yes
STU037,Om Prakash,BCA-2B,80%,73,69,75,71,76,7.1,0,Pass,No
STU038,Aarohi Desai,BCA-2B,95%,90,92,91,93,95,8.8,0,Pass,No
STU039,Samar Choudhary,BCA-2B,66%,52,50,49,55,58,6.0,2,Pass,yes
STU040,Ira Dutta,BCA-2B,87%,77,80,75,82,85,7.8,0,Pass,No
STU041,Vihaan Sood,BCA-3A,74%,60,63,61,65,68,6.5,1,Pass,No
STU042,Anvi Goel,BCA-3A,90%,85,88,86,84,90,8.2,0,Pass,No
STU043,Chetan Yadav,BCA-3A,57%,41,39,43,40,50,5.5,3,Fail,Yes
STU044,Rhea Thomas,BCA-3A,82%,70,72,74,69,79,7.2,0,Pass,No
STU045,Atharv Patil,BCA-3A,105%,64,66,62,68,71,6.6,1,Pass,No
STU046,Aanya Bhalla,BCA-3A,96%,93,90,94,92,96,9.0,0,Pass,No
STU047,Shaurya Gill,BCA-3A,63%,49,47,51,45,56,5.9,2,Pass,Yes
STU048,Vanya Chopra,BCA-3A,85%,78,75,80,77,83,7.6,0,Pass,No
STU049,Neil Fernandes,BCA-3A,72%,58,61,56,63,66,6.4,1,Pass,Yes
STU050,Shreya Suri,BCA-3A,89%,82,84,81,86,88,8.1,0,Pass,No
STU051,Pranav Tiwari,BCA-3B,54%,36,40,38,42,47,5.2,3,Fail,Yes
STU052,Alia Merchant,BCA-3B,91%,88,86,89,87,92,8.5,0,Pass,No
STU053,Daksh Oberoi,BCA-3B,78%,65,67,63,69,73,6.8,0,Pass,No
STU054,Trisha Pandey,BCA-3B,67%,53,55,50,57,62,6.1,1,Pass,Yes
STU055,Ritvik Bedi,BCA-3B,83%,74,72,76,75,80,7.3,0,Pass,No
STU056,Samaira Lal,BCA-3B,59%,43,45,41,44,52,5.6,2,Fail,Yes
STU057,Parth Jha,BCA-3B,86%,79,81,77,83,85,7.9,0,Pass,No
STU058,Nayra Batra,BCA-3B,92%,88,90,86,91,93,8.6,0,Pass,No
STU059,Raghav Pandit,BCA-3B,62%,48,51,46,50,55,5.9,2,Pass,Yes
STU060,Ishita Paul,BCA-3B,88%,76,79,78,74,82,7.7,0,Pass,No
STU061,STU061, BCA-4A,76%,64,62,67,60,70,6.5,1,Pass,No
STU062,Anushka Ghosh,BCA-4A,84%,73,76,71,78,81,7.4,0,Pass,No
STU063,Mohit Saran,BCA-4A,51%,38,36,40,37,44,5.0,4,Fail,Yes
STU064,Shruti Ahuja,BCA-4A,97%,94,91,95,93,96,9.2,0,Pass,No
STU065,Rishi Batra,BCA-4A,71%,56,60,58,54,65,6.2,1,Pass,Yes
STU066,Naina Arora,BCA-4A,89%,80,82,78,84,87,8.0,0,Pass,No
STU067,Varun Saini,BCA-4A,not recorded,69,66,71,68,74,7.0,0,Pass,No
STU068,Palak Mittal,BCA-4A,79%,72,70,74,69,77,7.1,0,Pass,No
STU069,Akash Soni,BCA-4A,56%,42,45,43,39,51,5.5,3,Fail,Yes
STU070,Rupal Vohra,BCA-4A,90%,85,83,87,86,89,8.3,0,Pass,No
STU071,Yash Rawat,BCA-4B,73%,59,57,61,56,68,6.4,1,Pass,Yes
STU072,Neha Walia,BCA-4B,86%,77,80,75,82,84,7.8,0,Pass,No
STU073,Aman Thakur,BCA-4B,64%,50,52,48,55,60,6.0,2,Pass,Yes
STU074,Khushi Puri,BCA-4B,94%,90,88,92,89,93,8.8,0,Pass,No
STU075,Armaan Khan,BCA-4B,80%,68,72,70,67,76,7.0,0,Pass,No
STU076,Muskan Sethi,BCA-4B,60%,45,48,43,46,55,5.7,2,Fail,Yes
STU077,Rajat Kapoor,BCA-4B,-5%,54,56,52,58,63,6.2,1,Pass,Yes
STU078,Inaya Farooqui,BCA-4B,87%,79,82,81,78,86,7.9,0,Pass,No
STU079,Deepak Rana,BCA-4B,69%,57,55,59,53,64,6.3,1,Pass,Yes
STU080,Charu Bansal,BCA-4B,93%,86,89,84,90,91,8.5,0,Pass,No
STU081,Kabir Anand,BCA-5A,77%,66,69,64,71,73,6.8,0,Pass,No
STU082,Tanya Singh,BCA-5A,85%,75,78,77,74,82,7.5,0,Pass,No
STU083,Veer Kapoor,BCA-5A,53%,40,38,42,36,48,5.3,3,Fail,Yes
STU084,Mahi Arora,BCA-5A,91%,83,86,85,88,90,8.2,0,Pass,No
STU085,Nikhil Rao,BCA-5A,74%,61,64,59,66,69,6.6,1,Pass,No
STU086,Anika Verma,BCA-5A,88%,78,76,80,79,85,7.8,0,Pass,No
STU087,Divit Jain,BCA-5A,66%,51,54,49,56,61,6.0,2,Pass,Yes
STU088,Kriti Chandra,BCA-5A,98%,96,94,95,97,98,9.3,0,Pass,No
STU088,Ravi Mishra,BCA-5A,70%,58,60,55,62,67,6.4,1,Pass,Yes
STU090,Saloni Gupta,BCA-5A,84%,73,75,76,72,81,7.4,0,Pass,No
STU091,Siddharth Roy,BCA-5B,58%,44,42,46,40,52,5.6,2,Fail,Yes
STU092,Isha Kapoor,BCA-5B,90%,82,85,83,87,89,8.1,0,Pass,No
STU093,Anmol Sharma,BCA-5B,75%,63,65,61,68,72,6.7,1,Pass,No
STU094,Vaishnavi Das,BCA-5B,82%,71,74,73,70,78,7.2,0,Pass,No
STU095,Pratyush Sen,BCA-5B,63%,49,51,47,53,58,5.9,2,Pass,yes
STU096,Ridhi Malhotra,BCA-5B,95%,89,92,91,90,94,8.7,0,Pass,No
STU097,Anirudh Bose,BCA-5B,eighty,62,60,65,59,71,6.5,1,Pass,No
STU098,Tanishka Jain,BCA-5B,87%,78,81,76,84,86,7.9,0,Pass,No
STU099,Vedant Rathi,BCA-5B,68%,52,55,54,50,63,6.1,1,Pass,Yes
STU100,Mehak Bansal,BCA-5B,92%,85,87,86,83,90,8.3,0,Pass,No
